stock_id ;stock_name; holding_num; holding_perc 
                                    1;                                CK HUTCHISON HOLDINGS LIMITED;                                11,590,218;                                0.29%
                                    2;                                CLP HOLDINGS LIMITED;                                3,162,800;                                0.11%
                                    3;                                HONG KONG AND CHINA GAS COMPANY LIMITED, THE;                                17,416,763;                                0.12%
                                    4;                                WHARF (HOLDINGS) LIMITED, THE;                                2,970,000;                                0.09%
                                    5;                                HSBC HOLDINGS PLC;                                990,579,757;                                4.85%
                                    6;                                POWER ASSETS HOLDINGS LIMITED;                                7,095,500;                                0.33%
                                    8;                                PCCW LIMITED;                                6,565,323;                                0.07%
                                   10;                                HANG LUNG GROUP LIMITED;                                942,000;                                0.06%
                                   11;                                HANG SENG BANK LTD;                                1,864,900;                                0.09%
                                   12;                                HENDERSON LAND DEVELOPMENT CO LTD;                                4,570,114;                                0.11%
                                   14;                                HYSAN DEVELOPMENT COMPANY LIMITED;                                799,000;                                0.07%
                                   16;                                SUN HUNG KAI PROPERTIES LTD;                                5,100,338;                                0.16%
                                   17;                                NEW WORLD DEVELOPMENT CO LTD;                                30,470,339;                                0.30%
                                   19;                                SWIRE PACIFIC LTD 'A';                                1,280,500;                                0.13%
                                   20;                                WHEELOCK AND COMPANY LIMITED;                                974,572;                                0.04%
                                   23;                                BANK OF EAST ASIA LTD;                                3,876,278;                                0.13%
                                   27;                                GALAXY ENTERTAINMENT GROUP LIMITED;                                25,423,222;                                0.58%
                                   35;                                FAR EAST CONSORTIUM INTERNATIONAL LTD;                                1,093,154;                                0.04%
                                   38;                                FIRST TRACTOR COMPANY LIMITED;                                59,810,100;                                15.25%
                                   41;                                GREAT EAGLE HOLDINGS LIMITED;                                750,049;                                0.10%
                                   42;                                NORTHEAST ELECTRIC DEVELOPMENT COMPANY LIMITED;                                18,954,000;                                7.34%
                                   43;                                C.P. POKPHAND CO LTD;                                4,050,000;                                0.01%
                                   54;                                HOPEWELL HOLDINGS LIMITED;                                44,000;                                0.00%
                                   66;                                MTR CORPORATION LIMITED;                                3,276,966;                                0.05%
                                   69;                                SHANGRI-LA ASIA LIMITED;                                33,240,000;                                0.92%
                                   81;                                CHINA OVERSEAS GRAND OCEANS GROUP LIMITED;                                23,859,693;                                1.04%
                                   83;                                SINO LAND CO.LTD.;                                6,896,202;                                0.10%
                                   86;                                SUN HUNG KAI & CO.LTD;                                3,233,000;                                0.14%
                                   95;                                LVGEM (CHINA) REAL ESTATE INVESTMENT COMPANY LIMITED;                                17,184,000;                                0.36%
                                  101;                                HANG LUNG PROPERTIES LIMITED;                                5,115,000;                                0.11%
                                  107;                                SICHUAN EXPRESSWAY COMPANY LIMITED;                                213,300,000;                                23.81%
                                  109;                                GOOD RESOURCES HOLDINGS LIMITED;                                60,600,000;                                0.84%
                                  116;                                CHOW SANG SANG HOLDINGS INTERNATIONAL LIMITED;                                169,000;                                0.02%
                                  119;                                POLY PROPERTY GROUP CO., LIMITED;                                357,133,000;                                9.74%
                                  123;                                YUEXIU PROPERTY COMPANY LIMITED;                                382,534,000;                                3.07%
                                  135;                                KUNLUN ENERGY COMPANY LIMITED;                                37,970,000;                                0.46%
                                  136;                                HENGTEN NETWORKS GROUP LIMITED;                                4,170,580,000;                                5.58%
                                  142;                                FIRST PACIFIC CO. LTD.;                                1,144,000;                                0.02%
                                  144;                                CHINA MERCHANTS PORT HOLDINGS COMPANY LIMITED;                                8,554,789;                                0.26%
                                  148;                                KINGBOARD CHEMICAL HOLDINGS LIMITED;                                14,388,051;                                1.34%
                                  151;                                WANT WANT CHINA HOLDINGS LIMITED;                                43,102,446;                                0.34%
                                  152;                                SHENZHEN INTERNATIONAL HOLDINGS LIMITED;                                38,553,224;                                1.89%
                                  163;                                EMPEROR INTERNATIONAL HOLDINGS LIMITED;                                3,914,000;                                0.10%
                                  165;                                CHINA EVERBRIGHT LIMITED;                                100,464,068;                                5.95%
                                  168;                                TSINGTAO BREWERY COMPANY LIMITED;                                58,192,100;                                8.88%
                                  173;                                K. WAH INTERNATIONAL HOLDINGS LIMITED;                                41,848,527;                                1.36%
                                  175;                                GEELY AUTOMOBILE HOLDINGS LIMITED;                                795,226,358;                                8.86%
                                  177;                                JIANGSU EXPRESSWAY COMPANY LIMITED;                                6,944,000;                                0.56%
                                  178;                                SA SA INTERNATIONAL HOLDINGS LIMITED;                                14,953,748;                                0.49%
                                  179;                                JOHNSON ELECTRIC HOLDINGS LIMITED;                                434,000;                                0.04%
                                  187;                                BEIJING JINGCHENG MACHINERY ELECTRIC COMPANY LIMITED;                                20,874,000;                                20.87%
                                  198;                                SMI HOLDINGS GROUP LIMITED;                                101,674,400;                                3.73%
                                  200;                                MELCO INTERNATIONAL DEVELOPMENT LIMITED;                                24,257,000;                                1.58%
                                  207;                                JOY CITY PROPERTY LIMITED;                                24,298,000;                                0.17%
                                  215;                                HUTCHISON TELECOMMUNICATIONS HONG KONG HOLDINGS LIMITED;                                73,912,000;                                1.52%
                                  220;                                UNI-PRESIDENT CHINA HOLDINGS LTD.;                                53,981,489;                                1.24%
                                  241;                                ALIBABA HEALTH INFORMATION TECHNOLOGY LIMITED;                                254,312,000;                                2.70%
                                  242;                                SHUN TAK HOLDINGS LIMITED;                                241,044,000;                                7.92%
                                  245;                                CHINA MINSHENG FINANCIAL HOLDING CORPORATION LIMITED;                                48,090,000;                                0.15%
                                  256;                                CITYCHAMP WATCH & JEWELLERY GROUP LIMITED;                                242,586,000;                                5.57%
                                  257;                                CHINA EVERBRIGHT INTERNATIONAL LIMITED;                                139,124,827;                                3.10%
                                  267;                                CITIC LIMITED;                                26,970,533;                                0.08%
                                  268;                                KINGDEE INTERNATIONAL SOFTWARE GROUP COMPANY LIMITED;                                218,429,205;                                7.52%
                                  270;                                GUANGDONG INVESTMENT LIMITED;                                13,317,077;                                0.19%
                                  272;                                SHUI ON LAND LIMITED;                                567,248,096;                                7.02%
                                  279;                                FREEMAN FINTECH CORPORATION LIMITED;                                113,920,000;                                0.72%
                                  285;                                BYD ELECTRONIC (INTERNATIONAL) COMPANY LIMITED;                                128,045,000;                                5.67%
                                  288;                                WH GROUP LIMITED;                                123,109,500;                                0.83%
                                  291;                                CHINA RESOURCES BEER (HOLDINGS) COMPANY LIMITED;                                95,903,333;                                2.95%
                                  293;                                CATHAY PACIFIC AIRWAYS LTD;                                9,829,000;                                0.24%
                                  295;                                KONG SUN HOLDINGS LIMITED;                                24,875,000;                                0.16%
                                  297;                                SINOFERT HOLDINGS LIMITED;                                373,722,000;                                5.31%
                                  300;                                SHENJI GROUP KUNMING MACHINE TOOL COMPANY LIMITED;                                15,684,000;                                11.13%
                                  303;                                VTECH HOLDINGS LIMITED;                                509,900;                                0.19%
                                  308;                                CHINA TRAVEL INTERNATIONAL INVESTMENT HONG KONG LIMITED;                                154,562,200;                                2.82%
                                  315;                                SMARTONE TELECOMMUNICATIONS HOLDINGS LIMITED;                                3,218,034;                                0.28%
                                  316;                                ORIENT OVERSEAS (INTERNATIONAL) LIMITED;                                9,450,000;                                1.50%
                                  317;                                CSSC OFFSHORE & MARINE ENGINEERING (GROUP) COMPANY LIMITED;                                13,490,200;                                2.27%
                                  321;                                TEXWINCA HOLDINGS LIMITED;                                1,536,000;                                0.11%
                                  322;                                TINGYI (CAYMAN ISLANDS) HOLDING CORP.;                                6,490,000;                                0.10%
                                  323;                                MAANSHAN IRON & STEEL COMPANY LIMITED;                                91,306,000;                                5.26%
                                  327;                                PAX GLOBAL TECHNOLOGY LIMITED;                                14,469,000;                                1.30%
                                  330;                                ESPRIT HOLDINGS LIMITED;                                69,023,700;                                3.60%
                                  336;                                HUABAO INTERNATIONAL HOLDINGS LIMITED;                                189,302,100;                                6.08%
                                  337;                                GREENLAND HONG KONG HOLDINGS LIMITED;                                55,860,000;                                1.99%
                                  338;                                SINOPEC SHANGHAI PETROCHEMICAL COMPANY LIMITED;                                94,467,744;                                2.70%
                                  341;                                CAFE DE CORAL HOLDINGS LTD;                                70,000;                                0.00%
                                  345;                                VITASOY INTERNATIONAL HOLDINGS LTD;                                3,446,000;                                0.32%
                                  347;                                ANGANG STEEL COMPANY LIMITED;                                8,286,076;                                0.76%
                                  354;                                CHINASOFT INTERNATIONAL LIMITED;                                268,166,423;                                11.16%
                                  358;                                JIANGXI COPPER COMPANY LIMITED;                                63,564,362;                                4.57%
                                  363;                                SHANGHAI INDUSTRIAL HOLDINGS LIMITED;                                18,659,000;                                1.71%
                                  368;                                SINOTRANS SHIPPING LIMITED;                                88,499,667;                                2.21%
                                  371;                                BEIJING ENTERPRISES WATER GROUP LIMITED;                                318,116,259;                                3.62%
                                  378;                                FDG KINETIC LIMITED;                                9,488,000;                                0.18%
                                  384;                                CHINA GAS HOLDINGS LIMITED;                                18,275,504;                                0.35%
                                  386;                                CHINA PETROLEUM & CHEMICAL CORPORATION;                                371,520,672;                                1.45%
                                  388;                                HONG KONG EXCHANGES AND CLEARING LIMITED;                                12,124,448;                                0.97%
                                  390;                                CHINA RAILWAY GROUP LIMITED;                                255,144,299;                                6.06%
                                  392;                                BEIJING ENTERPRISES HOLDINGS LIMITED;                                77,661,429;                                6.14%
                                  400;                                COGOBUY GROUP;                                41,948,000;                                2.84%
                                  410;                                SOHO CHINA LIMITED;                                225,810,000;                                4.33%
                                  412;                                CHINA SHANDONG HI-SPEED FINANCIAL GROUP LIMITED;                                39,072,000;                                0.15%
                                  419;                                HUAYI TENCENT ENTERTAINMENT COMPANY LIMITED;                                234,980,000;                                1.74%
                                  425;                                MINTH GROUP LIMITED;                                78,245,000;                                
                                  439;                                KUANGCHI SCIENCE LIMITED;                                177,308,000;                                2.89%
                                  440;                                DAH SING FINANCIAL HOLDINGS LTD;                                914,000;                                0.26%
                                  451;                                GCL NEW ENERGY HOLDINGS LIMITED;                                143,064,000;                                0.75%
                                  460;                                SIHUAN PHARMACEUTICAL HOLDINGS GROUP LTD.;                                330,922,000;                                3.48%
                                  467;                                UNITED ENERGY GROUP LIMITED;                                21,682,000;                                0.08%
                                  468;                                GREATVIEW ASEPTIC PACKAGING COMPANY LIMITED;                                589,000;                                0.04%
                                  480;                                HKR INTERNATIONAL LTD;                                436,800;                                0.03%
                                  488;                                LAI SUN DEVELOPMENT COMPANY LIMITED-NEW;                                18,000;                                0.00%
                                  489;                                DONGFENG MOTOR GROUP COMPANY LIMITED;                                109,832,000;                                3.84%
                                  493;                                GOME RETAIL HOLDINGS LIMITED;                                1,940,326,000;                                8.99%
                                  494;                                LI & FUNG LIMITED;                                15,806,000;                                0.17%
                                  506;                                CHINA FOODS LIMITED;                                218,542,100;                                7.80%
                                  511;                                TELEVISION BROADCASTS LTD;                                1,002,000;                                0.22%
                                  522;                                ASM PACIFIC TECHNOLOGY LIMITED;                                13,851,249;                                3.38%
                                  525;                                GUANGSHEN RAILWAY COMPANY LIMITED;                                181,422,010;                                12.66%
                                  530;                                GOLDIN FINANCIAL HOLDINGS LIMITED;                                9,376,000;                                0.13%
                                  535;                                GEMDALE PROPERTIES AND INVESTMENT CORPORATION LIMITED;                                171,022,000;                                1.07%
                                  546;                                FUFENG GROUP LIMITED;                                104,534,000;                                4.10%
                                  547;                                DIGITAL DOMAIN HOLDINGS LIMITED;                                678,730,000;                                3.02%
                                  548;                                SHENZHEN EXPRESSWAY COMPANY LIMITED;                                113,770,000;                                15.21%
                                  551;                                YUE YUEN INDUSTRIAL (HOLDINGS) LIMITED;                                557,000;                                0.02%
                                  552;                                CHINA COMMUNICATIONS SERVICES CORPORATION LIMITED;                                25,162,000;                                1.04%
                                  553;                                NANJING PANDA ELECTRONICS COMPANY LIMITED;                                72,334,000;                                29.88%
                                  563;                                SHANGHAI INDUSTRIAL URBAN DEVELOPMENT GROUP LIMITED;                                22,166,000;                                0.46%
                                  564;                                ZHENGZHOU COAL MINING MACHINERY GROUP COMPANY LIMITED;                                51,086,500;                                20.99%
                                  566;                                HANERGY THIN FILM POWER GROUP LIMITED;                                658,879,000;                                1.57%
                                  568;                                SHANDONG MOLONG PETROLEUM MACHINERY COMPANY LIMITED;                                10,476,400;                                4.09%
                                  570;                                CHINA TRADITIONAL CHINESE MEDICINE HOLDINGS CO LIMITED;                                272,994,000;                                6.16%
                                  576;                                ZHEJIANG EXPRESSWAY CO., LTD.;                                17,136,839;                                1.18%
                                  579;                                BEIJING JINGNENG CLEAN ENERGY CO., LIMITED;                                211,994,000;                                8.99%
                                  581;                                CHINA ORIENTAL GROUP COMPANY LIMITED;                                56,026,000;                                1.58%
                                  586;                                CHINA CONCH VENTURE HOLDINGS LIMITED;                                32,381,400;                                1.78%
                                  588;                                BEIJING NORTH STAR COMPANY LIMITED;                                122,698,000;                                17.34%
                                  590;                                LUK FOOK HOLDINGS (INTERNATIONAL) LIMITED;                                592,000;                                0.10%
                                  598;                                SINOTRANS LIMITED;                                67,506,000;                                3.14%
                                  604;                                SHENZHEN INVESTMENT LIMITED;                                319,588,238;                                4.01%
                                  606;                                CHINA AGRI-INDUSTRIES HOLDINGS LIMITED;                                251,669,597;                                4.79%
                                  607;                                FULLSHARE HOLDINGS LIMITED;                                4,113,137,500;                                20.83%
                                  636;                                KERRY LOGISTICS NETWORK LIMITED;                                850,000;                                0.04%
                                  639;                                SHOUGANG FUSHAN RESOURCES GROUP LIMITED;                                212,760,000;                                4.00%
                                  656;                                FOSUN INTERNATIONAL LIMITED;                                453,728,467;                                5.27%
                                  658;                                CHINA HIGH SPEED TRANSMISSION EQUIPMENT GROUP CO., LTD.;                                185,683,000;                                11.34%
                                  659;                                NWS HOLDINGS LIMITED;                                942,358;                                0.01%
                                  665;                                HAITONG INTERNATIONAL SECURITIES GROUP LIMITED;                                310,132,902;                                5.71%
                                  669;                                TECHTRONIC INDUSTRIES CO. LTD.;                                1,037,350;                                0.05%
                                  670;                                CHINA EASTERN AIRLINES CORPORATION LIMITED;                                426,794,000;                                9.15%
                                  680;                                NAN HAI CORPORATION LIMITED;                                1,612,350,000;                                2.33%
                                  683;                                KERRY PROPERTIES LIMITED;                                3,039,000;                                0.20%
                                  686;                                PANDA GREEN ENERGY GROUP LIMITED;                                35,916,000;                                0.37%
                                  687;                                HONG KONG INTERNATIONAL CONSTRUCTION INVESTMENT MANAGEMENT GROUP CO., LIMITED;                                740,000;                                0.02%
                                  688;                                CHINA OVERSEAS LAND & INVESTMENT LIMITED;                                188,473,379;                                1.71%
                                  691;                                CHINA SHANSHUI CEMENT GROUP LIMITED;                                1,695,000;                                0.05%
                                  694;                                BEIJING CAPITAL INTERNATIONAL AIRPORT COMPANY LIMITED;                                28,660,000;                                1.51%
                                  696;                                TRAVELSKY TECHNOLOGY LIMITED;                                30,933,498;                                3.30%
                                  698;                                TONGDA GROUP HOLDINGS LIMITED;                                79,598,500;                                1.30%
                                  699;                                CAR INC.;                                107,486,000;                                4.91%
                                  700;                                TENCENT HOLDINGS LIMITED;                                145,866,181;                                1.52%
                                  709;                                GIORDANO INTERNATIONAL LIMITED;                                1,188,000;                                0.07%
                                  715;                                CHINA OCEANWIDE HOLDINGS LIMITED;                                1,092,000;                                0.00%
                                  718;                                TAI UNITED HOLDINGS LIMITED;                                18,805,000;                                0.35%
                                  719;                                SHANDONG XINHUA PHARMACEUTICAL COMPANY LIMITED;                                41,686,000;                                27.79%
                                  721;                                CHINA FINANCIAL INTERNATIONAL INVESTMENTS LIMITED;                                535,710,000;                                4.88%
                                  728;                                CHINA TELECOM CORPORATION LIMITED;                                249,953,446;                                1.79%
                                  729;                                FDG ELECTRIC VEHICLES LIMITED;                                711,320,000;                                3.17%
                                  732;                                TRULY INTERNATIONAL HOLDINGS LIMITED;                                432,174,000;                                13.84%
                                  735;                                CHINA POWER CLEAN ENERGY DEVELOPMENT COMPANY LIMITED;                                48,903,000;                                4.12%
                                  737;                                HOPEWELL HIGHWAY INFRASTRUCTURE LIMITED -HKD TRADED SHARES;                                1,763,000;                                0.05%
                                  751;                                SKYWORTH DIGITAL HOLDINGS LIMITED;                                104,867,521;                                3.41%
                                  753;                                AIR CHINA LIMITED;                                257,384,640;                                5.63%
                                  754;                                HOPSON DEVELOPMENT HOLDINGS LIMITED;                                27,930,000;                                1.25%
                                  762;                                CHINA UNICOM (HONG KONG) LIMITED;                                182,767,067;                                0.75%
                                  763;                                ZTE CORPORATION;                                69,969,187;                                9.26%
                                  775;                                CK LIFE SCIENCES INT'L., (HOLDINGS) INC.;                                46,552,000;                                0.48%
                                  777;                                NETDRAGON WEBSOFT HOLDINGS LIMITED;                                8,331,511;                                1.55%
                                  787;                                GLOBAL BRANDS GROUP HOLDING LIMITED;                                340,914,000;                                3.97%
                                  799;                                IGG INC;                                104,472,767;                                7.73%
                                  806;                                VALUE PARTNERS GROUP LIMITED;                                36,373,000;                                1.95%
                                  811;                                XINHUA WINSHARE PUBLISHING AND MEDIA CO., LTD.;                                37,423,000;                                8.46%
                                  813;                                SHIMAO PROPERTY HOLDINGS LIMITED;                                11,210,500;                                0.32%
                                  816;                                HUADIAN FUXIN ENERGY CORPORATION LIMITED;                                40,522,000;                                1.57%
                                  817;                                CHINA JINMAO HOLDINGS GROUP LIMITED;                                661,324,000;                                6.19%
                                  819;                                TIANNENG POWER INTERNATIONAL LIMITED;                                34,092,000;                                3.02%
                                  829;                                SHENGUAN HOLDINGS (GROUP) LIMITED;                                176,934,000;                                5.42%
                                  836;                                CHINA RESOURCES POWER HOLDINGS COMPANY LIMITED;                                28,555,742;                                0.59%
                                  845;                                GLORIOUS PROPERTY HOLDINGS LIMITED;                                6,099,000;                                0.07%
                                  846;                                MINGFA GROUP (INTERNATIONAL) COMPANY LIMITED;                                5,261,000;                                0.08%
                                  853;                                MICROPORT SCIENTIFIC CORPORATION;                                19,452,413;                                1.34%
                                  855;                                CHINA WATER AFFAIRS GROUP LIMITED;                                151,588,000;                                9.46%
                                  857;                                PETROCHINA COMPANY LIMITED;                                523,884,771;                                2.47%
                                  861;                                DIGITAL CHINA HOLDINGS LIMITED;                                698,380,900;                                41.63%
                                  867;                                CHINA MEDICAL SYSTEM HOLDINGS LIMITED;                                46,766,290;                                1.87%
                                  868;                                XINYI GLASS HOLDINGS LIMITED;                                41,104,000;                                1.02%
                                  874;                                GUANGZHOU BAIYUNSHAN PHARMACEUTICAL HOLDINGS CO., LTD.;                                63,606,000;                                28.91%
                                  880;                                SJM HOLDINGS LIMITED;                                189,624,010;                                3.34%
                                  881;                                ZHONGSHENG GROUP HOLDINGS LIMITED;                                68,292,626;                                3.01%
                                  883;                                CNOOC LIMITED;                                61,714,865;                                0.12%
                                  884;                                CIFI HOLDINGS (GROUP) CO. LTD.;                                387,241,605;                                5.12%
                                  885;                                RENTIAN TECHNOLOGY HOLDINGS LIMITED;                                6,700,000;                                0.06%
                                  895;                                DONGJIANG ENVIRONMENTAL COMPANY LIMITED;                                32,870,484;                                16.42%
                                  902;                                HUANENG POWER INTERNATIONAL, INC.;                                645,771,386;                                13.72%
                                  911;                                QIANHAI HEALTH HOLDINGS LIMITED;                                1,194,515,000;                                7.01%
                                  914;                                ANHUI CONCH CEMENT COMPANY LIMITED;                                17,766,137;                                1.36%
                                  916;                                CHINA LONGYUAN POWER GROUP CORPORATION LIMITED;                                105,340,000;                                3.15%
                                  921;                                HISENSE KELON ELECTRICAL HOLDINGS COMPANY LIMITED;                                52,709,000;                                11.46%
                                  931;                                CHINA LNG GROUP LIMITED;                                110,920,000;                                1.96%
                                  933;                                BRIGHTOIL PETROLEUM (HOLDINGS) LIMITED;                                25,254,000;                                0.24%
                                  934;                                SINOPEC KANTONS HOLDINGS LIMITED;                                117,930,000;                                4.73%
                                  939;                                CHINA CONSTRUCTION BANK CORPORATION;                                9,462,274,488;                                3.93%
                                  941;                                CHINA MOBILE LIMITED;                                25,301,744;                                0.11%
                                  951;                                CHAOWEI POWER HOLDINGS LIMITED;                                50,824,000;                                4.58%
                                  958;                                HUANENG RENEWABLES CORPORATION LIMITED;                                394,110,606;                                7.83%
                                  960;                                LONGFOR PROPERTIES CO. LTD.;                                171,545,846;                                2.90%
                                  966;                                CHINA TAIPING INSURANCE HOLDINGS COMPANY LIMITED;                                314,352,049;                                8.73%
                                  967;                                SOUND GLOBAL LTD.;                                289,000;                                0.01%
                                  968;                                XINYI SOLAR HOLDINGS LIMITED;                                67,183,662;                                0.90%
                                  976;                                CHIHO ENVIRONMENTAL GROUP LIMITED;                                91,592,000;                                5.70%
                                  978;                                CHINA MERCHANTS LAND LIMITED;                                38,388,000;                                0.78%
                                  981;                                SEMICONDUCTOR MANUFACTURING INTERNATIONAL CORPORATION;                                618,507,700;                                13.27%
                                  991;                                DATANG INTERNATIONAL POWER GENERATION CO.,LTD.;                                273,016,000;                                8.23%
                                  992;                                LENOVO GROUP LIMITED;                                204,562,893;                                1.84%
                                  995;                                ANHUI EXPRESSWAY COMPANY LIMITED;                                45,264,000;                                9.17%
                                  996;                                CARNIVAL GROUP INTERNATIONAL HOLDINGS LIMITED;                                56,422,500;                                0.25%
                                  998;                                CHINA CITIC BANK CORPORATION LIMITED;                                2,694,492,800;                                18.10%
                                 1030;                                FUTURE LAND DEVELOPMENT HOLDINGS LIMITED;                                399,552,000;                                7.06%
                                 1031;                                KINGSTON FINANCIAL GROUP LIMITED;                                1,060,000;                                0.00%
                                 1033;                                SINOPEC OILFIELD SERVICE CORPORATION;                                324,714,000;                                15.46%
                                 1038;                                CK INFRASTRUCTURE HOLDINGS LIMITED;                                7,301,000;                                0.26%
                                 1044;                                HENGAN INTERNATIONAL GROUP COMPANY LIMITED;                                5,651,581;                                0.46%
                                 1052;                                YUEXIU TRANSPORT INFRASTRUCTURE LIMITED;                                4,492,000;                                0.26%
                                 1053;                                CHONGQING IRON & STEEL COMPANY LIMITED;                                79,888,000;                                14.84%
                                 1055;                                CHINA SOUTHERN AIRLINES COMPANY LIMITED;                                518,155,097;                                16.90%
                                 1057;                                ZHEJIANG SHIBAO COMPANY LIMITED;                                10,056,000;                                4.63%
                                 1060;                                ALIBABA PICTURES GROUP LIMITED;                                1,570,461,100;                                6.18%
                                 1065;                                TIANJIN CAPITAL ENVIRONMENTAL PROTECTION GROUP COMPANY LIMITED;                                50,260,200;                                14.78%
                                 1066;                                SHANDONG WEIGAO GROUP MEDICAL POLYMER COMPANY LIMITED;                                23,436,000;                                1.24%
                                 1068;                                CHINA YURUN FOOD GROUP LIMITED;                                25,248,000;                                1.38%
                                 1070;                                TCL MULTIMEDIA TECHNOLOGY HOLDINGS LIMITED;                                6,243,000;                                0.35%
                                 1071;                                HUADIAN POWER INTERNATIONAL CORPORATION LIMITED;                                422,880,000;                                24.61%
                                 1072;                                DONGFANG ELECTRIC CORPORATION LIMITED;                                72,265,410;                                21.25%
                                 1076;                                IMPERIAL PACIFIC INTERNATIONAL HOLDINGS LIMITED;                                758,860,000;                                0.53%
                                 1083;                                TOWNGAS CHINA COMPANY LIMITED;                                8,693,085;                                0.30%
                                 1088;                                CHINA SHENHUA ENERGY COMPANY LIMITED;                                306,797,006;                                9.02%
                                 1093;                                CSPC PHARMACEUTICAL GROUP LIMITED;                                345,181,431;                                5.52%
                                 1097;                                I-CABLE COMMUNICATIONS LIMITED;                                1,295,817;                                0.02%
                                 1098;                                ROAD KING INFRASTRUCTURE LIMITED;                                8,217,000;                                1.09%
                                 1099;                                SINOPHARM GROUP CO. LTD.;                                44,934,668;                                3.76%
                                 1108;                                LUOYANG GLASS COMPANY LIMITED;                                53,752,000;                                21.49%
                                 1109;                                CHINA RESOURCES LAND LIMITED;                                127,033,993;                                1.82%
                                 1111;                                CHONG HING BANK LIMITED;                                1,372,500;                                0.21%
                                 1112;                                HELATH AND HAPPINESS (H&H) INTERNATIONAL HOLDINGS LIMITED;                                63,973,904;                                10.07%
                                 1113;                                CK ASSET HOLDINGS LIMITED;                                7,506,798;                                0.20%
                                 1114;                                BRILLIANCE CHINA AUTOMOTIVE HOLDINGS LIMITED;                                126,469,513;                                2.50%
                                 1115;                                TIBET WATER RESOURCES LTD.;                                82,577,000;                                3.21%
                                 1117;                                CHINA MODERN DAIRY HOLDINGS LTD.;                                128,682,000;                                2.09%
                                 1128;                                WYNN MACAU, LIMITED;                                67,873,200;                                1.29%
                                 1136;                                TCC INTERNATIONAL HOLDINGS LIMITED;                                1,361,000;                                0.02%
                                 1138;                                COSCO SHIPPING ENERGY TRANSPORTATION CO., LTD.;                                100,330,000;                                7.74%
                                 1141;                                CMBC CAPITAL HOLDINGS LIMITED;                                373,100,000;                                0.81%
                                 1157;                                ZOOMLION HEAVY INDUSTRY SCIENCE AND TECHNOLOGY CO., LTD.;                                75,631,122;                                5.44%
                                 1165;                                SHUNFENG INTERNATIONAL CLEAN ENERGY LIMITED;                                419,860,000;                                9.73%
                                 1169;                                HAIER ELECTRONICS GROUP CO., LTD.;                                8,427,558;                                0.29%
                                 1171;                                YANZHOU COAL MINING COMPANY LIMITED;                                152,017,500;                                7.77%
                                 1177;                                SINO BIOPHARMACEUTICAL LIMITED;                                179,926,956;                                2.42%
                                 1186;                                CHINA RAILWAY CONSTRUCTION CORPORATION LIMITED;                                73,566,777;                                3.53%
                                 1188;                                HYBRID KINETIC GROUP LIMITED;                                187,948,000;                                0.92%
                                 1193;                                CHINA RESOURCES GAS GROUP LIMITED;                                5,551,000;                                0.24%
                                 1196;                                REALORD GROUP HOLDINGS LIMITED;                                18,640,000;                                1.61%
                                 1199;                                COSCO SHIPPING PORTS LIMITED;                                11,530,978;                                0.37%
                                 1205;                                CITIC RESOURCES HOLDINGS LIMITED;                                167,010,100;                                2.11%
                                 1208;                                MMG LIMITED;                                171,390,000;                                2.14%
                                 1211;                                BYD COMPANY LIMITED;                                18,698,797;                                2.04%
                                 1212;                                LIFESTYLE INTERNATIONAL HOLDINGS LIMITED;                                247,500;                                0.01%
                                 1230;                                YASHILI INTERNATIONAL HOLDINGS LTD;                                52,975,000;                                1.11%
                                 1234;                                CHINA LILANG LIMITED;                                27,905,000;                                2.30%
                                 1236;                                NATIONAL AGRICULTURAL HOLDINGS LIMITED;                                48,048,000;                                2.26%
                                 1238;                                POWERLONG REAL ESTATE HOLDINGS LIMITED;                                32,001,000;                                0.80%
                                 1250;                                BEIJING ENTERPRISES CLEAN ENERGY GROUP LIMITED;                                1,113,880,000;                                1.75%
                                 1253;                                CHINA GREENLAND BROAD GREENSTATE GROUP COMPANY LIMITED;                                16,916,000;                                0.50%
                                 1257;                                CHINA EVERBRIGHT GREENTECH LIMITED;                                6,173,000;                                0.29%
                                 1282;                                CHINA GOLDJOY GROUP LIMITED;                                1,827,792,000;                                8.25%
                                 1288;                                AGRICULTURAL BANK OF CHINA LIMITED;                                2,046,569,000;                                6.65%
                                 1293;                                GRAND BAOXIN AUTO GROUP LIMITED;                                165,349,123;                                5.82%
                                 1299;                                AIA GROUP LIMITED;                                26,533,740;                                0.21%
                                 1302;                                LIFETECH SCIENTIFIC CORPORATION;                                262,822,000;                                6.07%
                                 1308;                                SITC INTERNATIONAL HOLDINGS COMPANY LIMITED;                                15,588,000;                                0.57%
                                 1310;                                HKBN LTD.;                                201,000;                                0.01%
                                 1313;                                CHINA RESOURCES CEMENT HOLDINGS LIMITED;                                33,820,000;                                0.50%
                                 1315;                                VISION FAME INTERNATIONAL HOLDING LIMITED;                                686,472,000;                                11.43%
                                 1316;                                NEXTEER AUTOMOTIVE GROUP LIMITED;                                27,159,000;                                1.08%
                                 1317;                                CHINA MAPLE LEAF EDUCATIONAL SYSTEMS LIMITED;                                102,582,000;                                7.43%
                                 1333;                                CHINA ZHONGWANG HOLDINGS LIMITED;                                255,122,000;                                4.68%
                                 1336;                                NEW CHINA LIFE INSURANCE COMPANY LTD.;                                305,925,853;                                29.57%
                                 1339;                                PEOPLE'S INSURANCE COMPANY (GROUP) OF CHINA LIMITED, THE;                                745,909,000;                                8.54%
                                 1347;                                HUA HONG SEMICONDUCTOR LIMITED;                                23,210,000;                                2.24%
                                 1357;                                MEITU, INC.;                                190,056,100;                                
                                 1359;                                CHINA CINDA ASSET MANAGEMENT CO., LTD.;                                1,425,150,337;                                10.50%
                                 1361;                                361 DEGREES INTERNATIONAL LIMITED;                                27,326,000;                                1.32%
                                 1363;                                CT ENVIRONMENTAL GROUP LIMITED;                                195,110,000;                                3.08%
                                 1368;                                XTEP INTERNATIONAL HOLDINGS LIMITED;                                22,838,000;                                1.02%
                                 1375;                                CENTRAL CHINA SECURITIES CO., LTD.;                                43,878,000;                                3.50%
                                 1378;                                CHINA HONGQIAO GROUP LIMITED;                                653,514,913;                                8.99%
                                 1381;                                CANVEST ENVIRONMENTAL PROTECTION GROUP COMPANY LIMITED;                                19,190,000;                                0.78%
                                 1382;                                PACIFIC TEXTILES HOLDINGS LIMITED;                                4,336,000;                                0.29%
                                 1387;                                RENHE COMMERCIAL HOLDINGS COMPANY LIMITED;                                2,455,767,501;                                5.58%
                                 1398;                                INDUSTRIAL AND COMMERCIAL BANK OF CHINA LIMITED;                                9,139,915,429;                                10.52%
                                 1432;                                CHINA SHENGMU ORGANIC MILK LIMITED;                                163,403,000;                                2.56%
                                 1448;                                FU SHOU YUAN INTERNATIONAL GROUP LIMITED;                                59,016,000;                                2.74%
                                 1458;                                ZHOU HEI YA INTERNATIONAL HOLDINGS COMPANY LIMITED;                                143,939,500;                                6.03%
                                 1478;                                Q TECHNOLOGY (GROUP) COMPANY LIMITED;                                14,937,000;                                1.36%
                                 1508;                                CHINA REINSURANCE (GROUP) CORPORATION;                                302,903,000;                                4.53%
                                 1513;                                LIVZON PHARMACEUTICAL GROUP INC.;                                13,871,490;                                7.32%
                                 1515;                                CHINA RESOURCES PHOENIX HEALTHCARE HOLDINGS COMPANY LIMITED;                                28,400,500;                                2.18%
                                 1528;                                RED STAR MACALLINE GROUP CORPORATION LTD.;                                68,884,600;                                6.47%
                                 1530;                                3SBIO INC.;                                147,167,218;                                5.78%
                                 1548;                                GENSCRIPT BIOTECH CORPORATION;                                73,126,000;                                4.23%
                                 1551;                                GUANGZHOU RURAL COMMERCIAL BANK CO., LTD;                                698,000;                                0.03%
                                 1569;                                MINSHENG EDUCATION GROUP COMPANY LIMITED;                                88,226,000;                                2.19%
                                 1578;                                BANK OF TIANJIN CO., LTD.;                                78,500;                                0.00%
                                 1583;                                QINQIN FOODSTUFFS GROUP (CAYMAN) COMPANY LIMITED;                                54,500;                                0.01%
                                 1585;                                YADEA GROUP HOLDINGS LTD.;                                38,660,000;                                1.28%
                                 1606;                                CHINA DEVELOPMENT BANK FINANCIAL LEASING CO., LTD.;                                884,000;                                0.02%
                                 1608;                                VPOWER GROUP INTERNATIONAL HOLDINGS LIMITED;                                2,561,000;                                0.10%
                                 1610;                                COFCO MEAT HOLDINGS LIMITED;                                42,356,000;                                1.08%
                                 1618;                                METALLURGICAL CORPORATION OF CHINA LTD.;                                321,099,000;                                11.17%
                                 1619;                                TIANHE CHEMICALS GROUP LIMITED;                                193,880,000;                                0.78%
                                 1622;                                REDCO PROPERTIES GROUP LIMITED;                                7,644,000;                                0.21%
                                 1628;                                YUZHOU PROPERTIES COMPANY LIMITED;                                32,464,000;                                0.77%
                                 1635;                                SHANGHAI DAZHONG PUBLIC UTILITIES (GROUP) CO., LTD.;                                51,253,000;                                9.60%
                                 1636;                                CHINA METAL RESOURCES UTILIZATION LIMITED;                                36,976,000;                                1.49%
                                 1638;                                KAISA GROUP HOLDINGS LTD.;                                103,513,000;                                1.71%
                                 1658;                                POSTAL SAVINGS BANK OF CHINA CO., LTD.;                                88,075,000;                                0.43%
                                 1661;                                WISDOM SPORTS GROUP;                                8,899,000;                                0.55%
                                 1666;                                TONG REN TANG TECHNOLOGIES CO LTD;                                48,012,000;                                7.63%
                                 1668;                                CHINA SOUTH CITY HOLDINGS LIMITED;                                793,624,000;                                9.90%
                                 1680;                                MACAU LEGEND DEVELOPMENT LIMITED;                                250,733,000;                                3.99%
                                 1685;                                BOER POWER HOLDINGS LIMITED;                                3,254,000;                                0.42%
                                 1728;                                CHINA ZHENGTONG AUTO SERVICES HOLDINGS LIMITED;                                101,800,500;                                4.59%
                                 1766;                                CRRC CORPORATION LIMITED;                                409,888,320;                                9.36%
                                 1776;                                GF SECURITIES CO., LTD.;                                45,554,324;                                2.67%
                                 1777;                                FANTASIA HOLDINGS GROUP CO., LIMITED;                                45,531,000;                                0.79%
                                 1778;                                COLOUR LIFE SERVICES GROUP CO., LIMITED;                                72,485,000;                                7.27%
                                 1788;                                GUOTAI JUNAN INTERNATIONAL HOLDINGS LIMITED;                                189,132,000;                                2.69%
                                 1800;                                CHINA COMMUNICATIONS CONSTRUCTION COMPANY LIMITED;                                138,274,509;                                3.12%
                                 1811;                                CGN NEW ENERGY HOLDINGS CO., LTD.;                                133,304,000;                                3.10%
                                 1812;                                SHANDONG CHENMING PAPER HOLDINGS LIMITED;                                43,527,000;                                12.35%
                                 1813;                                KWG PROPERTY HOLDING LIMITED;                                139,383,502;                                4.41%
                                 1816;                                CGN POWER CO., LTD;                                1,161,901,000;                                10.39%
                                 1818;                                ZHAOJIN MINING INDUSTRY COMPANY LIMITED;                                20,893,500;                                1.99%
                                 1828;                                DAH CHONG HONG HOLDINGS LIMITED;                                21,584,950;                                1.16%
                                 1829;                                CHINA MACHINERY ENGINEERING CORPORATION;                                770,000;                                0.08%
                                 1836;                                STELLA INTERNATIONAL HOLDINGS LIMITED;                                15,000;                                0.00%
                                 1848;                                CHINA AIRCRAFT LEASING GROUP HOLDINGS LIMITED;                                14,596,500;                                2.15%
                                 1882;                                HAITIAN INTERNATIONAL HOLDINGS LIMITED;                                7,646,000;                                0.47%
                                 1883;                                CITIC TELECOM INTERNATIONAL HOLDINGS LIMITED;                                29,312,000;                                0.82%
                                 1886;                                CHINA HUIYUAN JUICE GROUP LIMITED;                                82,087,000;                                3.07%
                                 1888;                                KINGBOARD LAMINATES HOLDINGS LIMITED;                                11,107,577;                                0.35%
                                 1898;                                CHINA COAL ENERGY COMPANY LIMITED;                                267,786,307;                                6.51%
                                 1918;                                SUNAC CHINA HOLDINGS LIMITED;                                996,378,838;                                24.05%
                                 1919;                                COSCO SHIPPING HOLDINGS CO., LTD.;                                248,162,500;                                9.60%
                                 1928;                                SANDS CHINA LTD.;                                26,975,800;                                0.33%
                                 1929;                                CHOW TAI FOOK JEWELLERY GROUP LIMITED;                                12,606,400;                                0.12%
                                 1958;                                BAIC MOTOR CORPORATION LIMITED;                                178,537,000;                                8.49%
                                 1963;                                BANK OF CHONGQING CO., LTD.;                                42,701,000;                                2.70%
                                 1966;                                CHINA SCE PROPERTY HOLDINGS LIMITED;                                92,970,000;                                2.43%
                                 1970;                                IMAX CHINA HOLDING, INC.;                                4,340,600;                                1.21%
                                 1972;                                SWIRE PROPERTIES LIMITED;                                2,076,600;                                0.03%
                                 1980;                                TIAN GE INTERACTIVE HOLDINGS LIMITED;                                48,206,372;                                3.76%
                                 1988;                                CHINA MINSHENG BANKING CORP., LTD.;                                586,426,000;                                8.45%
                                 1999;                                MAN WAH HOLDINGS LIMITED;                                250,774,379;                                6.57%
                                 2005;                                SSY GROUP LIMITED;                                135,454,000;                                4.75%
                                 2007;                                COUNTRY GARDEN HOLDINGS COMPANY LIMITED;                                237,798,691;                                1.11%
                                 2008;                                PHOENIX SATELLITE TELEVISION HOLDINGS LIMITED;                                238,504,000;                                4.77%
                                 2009;                                BBMG CORPORATION;                                231,112,500;                                9.88%
                                 2016;                                CHINA ZHESHANG BANK CO., LTD.;                                328,000;                                0.00%
                                 2018;                                AAC TECHNOLOGIES HOLDINGS INC.;                                39,580,660;                                3.23%
                                 2020;                                ANTA SPORTS PRODUCTS LIMITED;                                49,777,500;                                1.85%
                                 2038;                                FIH MOBILE LIMITED;                                41,158,000;                                0.50%
                                 2039;                                CHINA INTERNATIONAL MARINE CONTAINERS (GROUP) CO., LTD.;                                16,761,100;                                0.97%
                                 2066;                                SHENGJING BANK CO., LTD.;                                1,662,000;                                0.10%
                                 2098;                                ZALL GROUP LTD.;                                233,988,000;                                2.01%
                                 2111;                                BEST PACIFIC INTERNATIONAL HOLDINGS LIMITED;                                2,936,000;                                0.28%
                                 2128;                                CHINA LESSO GROUP HOLDINGS LIMITED;                                31,986,000;                                1.02%
                                 2136;                                LIFESTYLE CHINA GROUP LIMITED;                                493,500;                                0.03%
                                 2186;                                LUYE PHARMA GROUP LTD.;                                429,842,000;                                12.93%
                                 2196;                                SHANGHAI FOSUN PHARMACEUTICAL (GROUP) CO., LTD.;                                71,518,149;                                14.77%
                                 2199;                                REGINA MIRACLE INTERNATIONAL (HOLDINGS) LIMITED;                                7,630,000;                                0.62%
                                 2202;                                CHINA VANKE CO., LTD.;                                79,196,133;                                6.02%
                                 2208;                                XINJIANG GOLDWIND SCIENCE & TECHNOLOGY CO., LTD.;                                155,360,420;                                23.89%
                                 2233;                                WEST CHINA CEMENT LIMITED;                                18,536,000;                                0.34%
                                 2238;                                GUANGZHOU AUTOMOBILE GROUP CO., LTD.;                                497,451,023;                                22.47%
                                 2255;                                HAICHANG OCEAN PARK HOLDINGS LTD.;                                19,587,000;                                0.48%
                                 2269;                                WUXI BIOLOGICS (CAYMAN) INC.;                                1,417,500;                                0.11%
                                 2280;                                HC INTERNATIONAL, INC.;                                9,065,000;                                0.90%
                                 2282;                                MGM CHINA HOLDINGS LIMITED;                                29,591,533;                                0.77%
                                 2298;                                COSMO LADY (CHINA) HOLDINGS COMPANY LIMITED;                                38,298,000;                                1.77%
                                 2313;                                SHENZHOU INTERNATIONAL GROUP HOLDINGS LIMITED;                                28,967,538;                                1.92%
                                 2314;                                LEE & MAN PAPER MANUFACTURING LIMITED;                                46,174,000;                                1.01%
                                 2318;                                PING AN INSURANCE (GROUP) COMPANY OF CHINA, LTD.;                                158,458,904;                                2.12%
                                 2319;                                CHINA MENGNIU DAIRY COMPANY LIMITED;                                64,160,244;                                1.63%
                                 2326;                                BEP INTERNATIONAL HOLDINGS LIMITED;                                67,590,000;                                0.31%
                                 2328;                                PICC PROPERTY AND CASUALTY COMPANY LIMITED;                                371,500,100;                                8.07%
                                 2329;                                GUORUI PROPERTIES LIMITED;                                136,498,000;                                3.06%
                                 2331;                                LI NING COMPANY LIMITED;                                14,439,500;                                0.66%
                                 2333;                                GREAT WALL MOTOR COMPANY LIMITED;                                789,351,380;                                25.46%
                                 2338;                                WEICHAI POWER CO., LTD.;                                8,553,482;                                0.44%
                                 2343;                                PACIFIC BASIN SHIPPING LIMITED;                                36,318,000;                                0.82%
                                 2356;                                DAH SING BANKING GROUP LIMITED;                                973,200;                                0.06%
                                 2357;                                AVICHINA INDUSTRY & TECHNOLOGY COMPANY LIMITED;                                188,008,597;                                7.97%
                                 2369;                                COOLPAD GROUP LIMITED;                                107,916,000;                                2.14%
                                 2380;                                CHINA POWER INTERNATIONAL DEVELOPMENT LIMITED;                                539,952,000;                                7.34%
                                 2382;                                SUNNY OPTICAL TECHNOLOGY (GROUP) COMPANY LIMITED;                                40,465,291;                                3.68%
                                 2386;                                SINOPEC ENGINEERING (GROUP) CO., LTD.;                                14,961,500;                                1.01%
                                 2388;                                BOC HONG KONG (HOLDINGS) LIMITED;                                26,850,000;                                0.25%
                                 2588;                                BOC AVIATION LIMITED;                                20,778,600;                                2.98%
                                 2600;                                ALUMINUM CORPORATION OF CHINA LIMITED;                                332,078,000;                                8.41%
                                 2601;                                CHINA PACIFIC INSURANCE (GROUP) CO. LTD.;                                209,630,564;                                7.55%
                                 2607;                                SHANGHAI PHARMACEUTICALS HOLDING CO., LTD.;                                75,253,092;                                9.82%
                                 2611;                                GUOTAI JUNAN SECURITIES CO., LTD.;                                38,618,000;                                3.22%
                                 2628;                                CHINA LIFE INSURANCE COMPANY LIMITED;                                124,696,317;                                1.66%
                                 2666;                                UNIVERSAL MEDICAL FINANCIAL & TECHNICAL ADVISORY SERVICES COMPANY LIMITED;                                144,277,500;                                8.40%
                                 2669;                                CHINA OVERSEAS PROPERTY HOLDINGS LIMITED;                                68,031;                                0.00%
                                 2678;                                TEXHONG TEXTILE GROUP LIMITED;                                6,127,500;                                0.66%
                                 2688;                                ENN ENERGY HOLDINGS LIMITED;                                2,680,985;                                0.24%
                                 2689;                                NINE DRAGONS PAPER (HOLDINGS) LIMITED;                                84,873,671;                                1.81%
                                 2727;                                SHANGHAI ELECTRIC GROUP COMPANY LIMITED;                                613,081,000;                                20.62%
                                 2768;                                JIAYUAN INTERNATIONAL GROUP LIMITED;                                9,640,000;                                0.43%
                                 2777;                                GUANGZHOU R&F PROPERTIES CO., LTD.;                                62,378,200;                                6.13%
                                 2799;                                CHINA HUARONG ASSET MANAGEMENT CO., LTD.;                                364,853,000;                                1.44%
                                 2866;                                COSCO SHIPPING DEVELOPMENT CO., LTD.;                                495,713,000;                                13.20%
                                 2869;                                GREENTOWN SERVICE GROUP CO. LTD.;                                218,732,000;                                7.87%
                                 2877;                                CHINA SHINEWAY PHARMACEUTICAL GROUP LIMITED;                                29,281,000;                                3.53%
                                 2880;                                DALIAN PORT (PDA) COMPANY LIMITED;                                1,138,562,000;                                22.06%
                                 2883;                                CHINA OILFIELD SERVICES LIMITED;                                155,051,699;                                8.55%
                                 2888;                                STANDARD CHARTERED PLC;                                1,037,700;                                0.02%
                                 2899;                                ZIJIN MINING GROUP CO., LTD.;                                1,268,148,000;                                22.09%
                                 3301;                                RONSHINE CHINA HOLDINGS LIMITED;                                14,538,500;                                1.07%
                                 3308;                                GOLDEN EAGLE RETAIL GROUP LIMITED;                                123,566,000;                                7.37%
                                 3311;                                CHINA STATE CONSTRUCTION INTERNATIONAL HOLDINGS LIMITED;                                18,253,305;                                0.36%
                                 3320;                                CHINA RESOURCES PHARMACEUTICAL GROUP LIMITED;                                86,030,500;                                1.36%
                                 3323;                                CHINA NATIONAL BUILDING MATERIAL COMPANY LIMITED;                                340,576,988;                                11.81%
                                 3328;                                BANK OF COMMUNICATIONS CO., LTD.;                                714,887,724;                                2.03%
                                 3329;                                BOCOM INTERNATIONAL HOLDINGS COMPANY LIMITED;                                999,000;                                0.03%
                                 3331;                                VINDA INTERNATIONAL HOLDINGS LIMITED;                                1,089,000;                                0.08%
                                 3333;                                CHINA EVERGRANDE GROUP;                                250,479,419;                                1.89%
                                 3339;                                LONKING HOLDINGS LIMITED;                                6,536,000;                                0.15%
                                 3360;                                FAR EAST HORIZON LIMITED;                                43,740,000;                                1.09%
                                 3368;                                PARKSON RETAIL GROUP LIMITED;                                6,475,500;                                0.24%
                                 3369;                                QINHUANGDAO PORT CO., LTD.;                                25,632,000;                                3.08%
                                 3377;                                SINO-OCEAN GROUP HOLDING LIMITED;                                109,925,500;                                1.45%
                                 3380;                                LOGAN PROPERTY HOLDINGS COMPANY LIMITED;                                148,600,000;                                2.70%
                                 3382;                                TIANJIN PORT DEVELOPMENT HOLDINGS LIMITED;                                51,766,000;                                0.84%
                                 3383;                                AGILE GROUP HOLDINGS LIMITED;                                76,021,141;                                1.93%
                                 3389;                                HENGDELI HOLDINGS LIMITED;                                964,000;                                0.02%
                                 3393;                                WASION GROUP HOLDINGS LIMITED;                                2,362,000;                                0.23%
                                 3396;                                LEGEND HOLDINGS CORPORATION;                                37,146,500;                                9.47%
                                 3606;                                FUYAO GLASS INDUSTRY GROUP CO., LTD;                                17,286,845;                                3.41%
                                 3618;                                CHONGQING RURAL COMMERCIAL BANK CO., LTD.;                                214,804,000;                                8.54%
                                 3698;                                HUISHANG BANK CORPORATION LIMITED;                                10,870,000;                                0.33%
                                 3788;                                CHINA HANKING HOLDINGS LIMITED;                                18,886,000;                                1.03%
                                 3799;                                DALI FOODS GROUP COMPANY LIMITED;                                353,061,500;                                2.57%
                                 3800;                                GCL-POLY ENERGY HOLDINGS LIMITED;                                1,220,517,700;                                6.55%
                                 3808;                                SINOTRUK (HONG KONG) LIMITED;                                55,728,061;                                2.01%
                                 3813;                                POU SHENG INTERNATIONAL (HOLDINGS) LIMITED;                                19,827,000;                                0.37%
                                 3818;                                CHINA DONGXIANG (GROUP) CO., LTD.;                                68,204,000;                                1.23%
                                 3823;                                TECH PRO TECHNOLOGY DEVELOPMENT LIMITED;                                2,433,808,000;                                30.41%
                                 3836;                                CHINA HARMONY NEW ENERGY AUTO HOLDING LIMITED;                                46,560,500;                                3.02%
                                 3883;                                CHINA AOYUAN PROPERTY GROUP LIMTIED;                                195,390,000;                                7.30%
                                 3886;                                TOWN HEALTH INTERNATIONAL MEDICAL GROUP LIMITED;                                139,538,000;                                1.84%
                                 3888;                                KINGSOFT CORPORATION LIMITED;                                69,889,156;                                5.32%
                                 3898;                                ZHUZHOU CRRC TIMES ELECTRIC CO., LTD.;                                50,899,083;                                9.29%
                                 3899;                                CIMC ENRIC HOLDINGS LIMITED;                                106,692,000;                                5.49%
                                 3900;                                GREENTOWN CHINA HOLDINGS LIMITED;                                255,328,000;                                11.78%
                                 3908;                                CHINA INTERNATIONAL CAPITAL CORPORATION LIMITED;                                130,550,980;                                8.58%
                                 3933;                                UNITED LABORATORIES INTERNATIONAL HOLDINGS LIMITED, THE;                                63,050,000;                                3.87%
                                 3958;                                DFZQ;                                209,938,840;                                20.43%
                                 3968;                                CHINA MERCHANTS BANK CO., LTD.;                                518,693,779;                                11.29%
                                 3969;                                CHINA RAILWAY SIGNAL & COMMUNICATION CORPORATION LIMITED;                                82,052,479;                                4.16%
                                 3988;                                BANK OF CHINA LIMITED;                                3,725,642,475;                                4.45%
                                 3993;                                CHINA MOLYBDENUM CO., LTD.;                                760,061,300;                                19.31%
                                 3996;                                CHINA ENERGY ENGINEERING CORPORATION LIMITED;                                16,290,000;                                0.17%
                                 3998;                                BOSIDENG INTERNATIONAL HOLDINGS LIMITED;                                459,664,000;                                4.30%
                                 6030;                                CITIC SECURITIES COMPANY LIMITED;                                51,000,924;                                2.23%
                                 6066;                                CSC FINANCIAL CO., LTD.;                                65,375,000;                                5.18%
                                 6099;                                CHINA MERCHANTS SECURITIES CO., LTD.;                                84,731,800;                                8.63%
                                 6116;                                SHANGHAI LA CHAPELLE FASHION CO., LTD.;                                585,200;                                0.26%
                                 6169;                                CHINA YUHUA EDUCATION CORPORATION LIMITED;                                75,872,000;                                2.52%
                                 6178;                                EVERBRIGHT SECURITIES COMPANY LIMITED;                                21,515,600;                                3.04%
                                 6808;                                SUN ART RETAIL GROUP LIMITED;                                39,836,809;                                0.40%
                                 6818;                                CHINA EVERBRIGHT BANK COMPANY LIMITED;                                933,812,000;                                13.58%
                                 6828;                                BEIJING GAS BLUE SKY HOLDINGS LIMITED;                                5,376,000;                                0.05%
                                 6837;                                HAITONG SECURITIES CO., LTD.;                                74,360,761;                                2.18%
                                 6863;                                CHINA HUISHAN DAIRY HOLDINGS COMPANY LIMITED;                                1,092,671,000;                                8.10%
                                 6869;                                YANGTZE OPTICAL FIBRE AND CABLE JOINT STOCK LIMITED COMPANY;                                8,702,500;                                2.47%
                                 6881;                                CHINA GALAXY SECURITIES CO., LTD.;                                241,111,997;                                6.52%
                                 6886;                                HUATAI SECURITIES CO., LTD.;                                111,576,956;                                6.48%
                                 8328;                                XINYI AUTOMOBILE GLASS HONG KONG ENTERPRISES LIMITED;                                175,000;                                0.03%
