stock_id,stock_name,20171018,20171019,20171020,20171021,20171023,20171024,20171025,20171026,20171027,20171028,20171029,20171030,20171031,20171101,20171102,20171103,20171104
0001,CK HUTCHISON HOLDINGS LIMITED,0.30%,0.30%,0.30%,0.29%,0.29%,0.29%,0.29%,0.29%,0.29%,0.29%,0.29%,0.29%,0.30%,0.30%,0.30%,0.30%,0.30%
0002,CLP HOLDINGS LIMITED,0.11%,0.11%,0.11%,0.11%,0.11%,0.11%,0.11%,0.11%,0.11%,0.11%,0.11%,0.11%,0.11%,0.11%,0.11%,0.11%,0.11%
0003,HONG KONG AND CHINA GAS COMPANY LIMITED,0.11%,0.11%,0.11%,0.11%,0.11%,0.12%,0.12%,0.12%,0.12%,0.12%,0.12%,0.12%,0.11%,0.11%,0.11%,0.11%,0.11%
0004,WHARF (HOLDINGS) LIMITED,0.09%,0.09%,0.09%,0.09%,0.09%,0.09%,0.09%,0.09%,0.09%,0.09%,0.09%,0.09%,0.09%,0.09%,0.09%,0.09%,0.09%
0005,HSBC HOLDINGS PLC,4.87%,4.87%,4.87%,4.86%,4.86%,4.85%,4.85%,4.85%,4.85%,4.85%,4.85%,4.85%,4.85%,4.87%,4.89%,4.94%,4.94%
0006,POWER ASSETS HOLDINGS LIMITED,0.31%,0.31%,0.31%,0.31%,0.31%,0.31%,0.31%,0.31%,0.32%,0.33%,0.33%,0.33%,0.33%,0.33%,0.33%,0.33%,0.33%
0008,PCCW LIMITED,0.08%,0.08%,0.08%,0.08%,0.08%,0.07%,0.07%,0.07%,0.07%,0.07%,0.07%,0.07%,0.07%,0.07%,0.07%,0.07%,0.07%
0010,HANG LUNG GROUP LIMITED,0.04%,0.04%,0.04%,0.04%,0.04%,0.04%,0.05%,0.05%,0.05%,0.06%,0.06%,0.06%,0.06%,0.06%,0.06%,0.06%,0.07%
0011,HANG SENG BANK LTD,0.09%,0.09%,0.09%,0.09%,0.09%,0.09%,0.09%,0.09%,0.09%,0.09%,0.09%,0.09%,0.09%,0.09%,0.09%,0.09%,0.08%
0012,HENDERSON LAND DEVELOPMENT CO LTD,0.10%,0.10%,0.10%,0.11%,0.11%,0.11%,0.11%,0.11%,0.11%,0.11%,0.11%,0.11%,0.11%,0.11%,0.11%,0.11%,0.11%
0014,HYSAN DEVELOPMENT COMPANY LIMITED,0.07%,0.07%,0.07%,0.07%,0.07%,0.07%,0.07%,0.07%,0.07%,0.07%,0.07%,0.07%,0.07%,0.07%,0.07%,0.07%,0.07%
0016,SUN HUNG KAI PROPERTIES LTD,0.16%,0.16%,0.16%,0.16%,0.16%,0.16%,0.16%,0.16%,0.16%,0.16%,0.16%,0.16%,0.16%,0.15%,0.15%,0.15%,0.15%
0017,NEW WORLD DEVELOPMENT CO LTD,0.37%,0.36%,0.35%,0.32%,0.32%,0.32%,0.30%,0.30%,0.30%,0.30%,0.30%,0.30%,0.30%,0.30%,0.30%,0.30%,0.30%
0019,SWIRE PACIFIC LTD 'A',0.21%,0.20%,0.19%,0.18%,0.18%,0.16%,0.15%,0.13%,0.13%,0.13%,0.13%,0.13%,0.13%,0.13%,0.13%,0.13%,0.13%
0020,WHEELOCK AND COMPANY LIMITED,0.04%,0.04%,0.04%,0.04%,0.04%,0.04%,0.04%,0.04%,0.04%,0.04%,0.04%,0.04%,0.04%,0.04%,0.04%,0.04%,0.04%
0023,BANK OF EAST ASIA LTD,0.13%,0.13%,0.13%,0.13%,0.13%,0.13%,0.13%,0.13%,0.13%,0.13%,0.13%,0.13%,0.13%,0.13%,0.13%,0.13%,0.13%
0027,GALAXY ENTERTAINMENT GROUP LIMITED,0.58%,0.59%,0.59%,0.58%,0.58%,0.58%,0.57%,0.58%,0.58%,0.58%,0.58%,0.58%,0.58%,0.53%,0.53%,0.53%,0.54%
0035,FAR EAST CONSORTIUM INTERNATIONAL LTD,0.04%,0.04%,0.04%,0.04%,0.04%,0.04%,0.04%,0.04%,0.04%,0.04%,0.04%,0.04%,0.04%,0.04%,0.04%,0.05%,0.05%
0038,FIRST TRACTOR COMPANY LIMITED,15.12%,15.15%,15.16%,15.17%,15.17%,15.21%,15.18%,15.26%,15.22%,15.25%,15.25%,15.25%,15.20%,15.15%,15.20%,15.31%,15.32%
0041,GREAT EAGLE HOLDINGS LIMITED,0.09%,0.09%,0.09%,0.08%,0.08%,0.08%,0.08%,0.09%,0.09%,0.10%,0.10%,0.10%,0.10%,0.10%,0.10%,0.10%,0.10%
0042,NORTHEAST ELECTRIC DEVELOPMENT COMPANY LIMITED,7.05%,7.07%,7.10%,7.15%,7.15%,7.22%,7.23%,7.30%,7.31%,7.34%,7.34%,7.34%,7.36%,7.38%,7.44%,7.57%,7.55%
0043,C,0.00%,0.00%,0.00%,0.00%,0.00%,0.00%,0.00%,0.01%,0.01%,0.01%,0.01%,0.01%,0.01%,0.01%,0.00%,0.00%,0.00%
0054,HOPEWELL HOLDINGS LIMITED,0.00%,0.00%,0.00%,0.00%,0.00%,0.00%,0.00%,0.00%,0.00%,0.00%,0.00%,0.00%,0.00%,0.00%,0.00%,0.00%,0.00%
0066,MTR CORPORATION LIMITED,0.05%,0.05%,0.05%,0.05%,0.05%,0.05%,0.05%,0.05%,0.05%,0.05%,0.05%,0.05%,0.05%,0.05%,0.05%,0.05%,0.05%
0069,SHANGRI-LA ASIA LIMITED,0.93%,0.93%,0.93%,0.92%,0.92%,0.92%,0.92%,0.92%,0.92%,0.92%,0.92%,0.92%,0.92%,0.92%,0.89%,0.88%,0.88%
0081,CHINA OVERSEAS GRAND OCEANS GROUP LIMITED,1.02%,1.02%,1.02%,1.03%,1.03%,1.04%,1.04%,1.04%,1.05%,1.04%,1.04%,1.04%,1.05%,1.05%,1.07%,1.11%,1.12%
0083,SINO LAND CO,0.10%,0.10%,0.10%,0.10%,0.10%,0.10%,0.10%,0.10%,0.10%,0.10%,0.10%,0.10%,0.10%,0.10%,0.10%,0.10%,0.10%
0086,SUN HUNG KAI & CO,0.14%,0.14%,0.14%,0.14%,0.14%,0.14%,0.14%,0.14%,0.14%,0.14%,0.14%,0.14%,0.14%,0.14%,0.14%,0.14%,0.14%
0095,LVGEM (CHINA) REAL ESTATE INVESTMENT COMPANY LIMITED,0.36%,0.36%,0.36%,0.36%,0.36%,0.36%,0.37%,0.36%,0.36%,0.36%,0.36%,0.36%,0.36%,0.35%,0.35%,0.35%,0.35%
0101,HANG LUNG PROPERTIES LIMITED,0.11%,0.11%,0.11%,0.11%,0.11%,0.11%,0.11%,0.11%,0.11%,0.11%,0.11%,0.11%,0.11%,0.11%,0.11%,0.11%,0.11%
0107,SICHUAN EXPRESSWAY COMPANY LIMITED,23.76%,23.89%,23.89%,23.88%,23.88%,23.91%,23.85%,23.85%,23.83%,23.81%,23.81%,23.81%,23.80%,23.81%,23.83%,23.83%,23.84%
0109,GOOD RESOURCES HOLDINGS LIMITED,0.85%,0.85%,0.85%,0.85%,0.85%,0.85%,0.85%,0.85%,0.84%,0.84%,0.84%,0.84%,0.84%,0.84%,0.84%,0.84%,0.84%
0116,CHOW SANG SANG HOLDINGS INTERNATIONAL LIMITED,0.01%,0.01%,0.01%,0.01%,0.01%,0.01%,0.01%,0.02%,0.02%,0.02%,0.02%,0.02%,0.02%,0.02%,0.02%,0.02%,0.01%
0119,POLY PROPERTY GROUP CO,9.65%,9.68%,9.69%,9.66%,9.66%,9.68%,9.68%,9.72%,9.72%,9.74%,9.74%,9.74%,9.76%,9.76%,9.77%,9.79%,9.77%
0123,YUEXIU PROPERTY COMPANY LIMITED,3.10%,3.12%,3.12%,3.09%,3.09%,3.08%,3.09%,3.08%,3.08%,3.07%,3.07%,3.07%,3.09%,3.10%,3.12%,3.10%,3.07%
0135,KUNLUN ENERGY COMPANY LIMITED,0.44%,0.45%,0.44%,0.45%,0.45%,0.45%,0.45%,0.45%,0.45%,0.46%,0.46%,0.46%,0.46%,0.46%,0.47%,0.47%,0.46%
0136,HENGTEN NETWORKS GROUP LIMITED,5.12%,5.21%,5.23%,5.27%,5.27%,5.24%,5.30%,5.36%,5.52%,5.58%,5.58%,5.58%,5.68%,5.68%,5.67%,5.66%,5.60%
0142,FIRST PACIFIC CO,0.02%,0.02%,0.02%,0.02%,0.02%,0.02%,0.02%,0.02%,0.02%,0.02%,0.02%,0.02%,0.02%,0.02%,0.02%,0.02%,0.02%
0144,CHINA MERCHANTS PORT HOLDINGS COMPANY LIMITED,0.28%,0.28%,0.27%,0.27%,0.27%,0.27%,0.27%,0.26%,0.26%,0.26%,0.26%,0.26%,0.26%,0.26%,0.26%,0.26%,0.26%
0148,KINGBOARD CHEMICAL HOLDINGS LIMITED,1.33%,1.33%,1.33%,1.33%,1.33%,1.33%,1.33%,1.30%,1.30%,1.34%,1.34%,1.34%,1.35%,1.35%,1.35%,1.35%,1.34%
0151,WANT WANT CHINA HOLDINGS LIMITED,0.26%,0.27%,0.29%,0.30%,0.30%,0.32%,0.32%,0.33%,0.34%,0.34%,0.34%,0.34%,0.36%,0.38%,0.38%,0.38%,0.36%
0152,SHENZHEN INTERNATIONAL HOLDINGS LIMITED,1.77%,1.81%,1.85%,1.85%,1.85%,1.84%,1.84%,1.85%,1.87%,1.89%,1.89%,1.89%,1.92%,1.90%,1.92%,1.91%,1.90%
0163,EMPEROR INTERNATIONAL HOLDINGS LIMITED,0.09%,0.09%,0.10%,0.10%,0.10%,0.10%,0.10%,0.10%,0.10%,0.10%,0.10%,0.10%,0.10%,0.10%,0.10%,0.10%,0.10%
0165,CHINA EVERBRIGHT LIMITED,5.96%,5.94%,5.92%,5.92%,5.92%,5.91%,5.90%,5.92%,5.95%,5.95%,5.95%,5.95%,5.97%,5.99%,6.02%,6.05%,6.09%
0168,TSINGTAO BREWERY COMPANY LIMITED,8.59%,8.59%,8.60%,8.60%,8.60%,8.62%,8.68%,8.68%,8.80%,8.88%,8.88%,8.88%,8.91%,8.90%,8.96%,8.99%,9.03%
0173,K,1.38%,1.42%,1.42%,1.43%,1.43%,1.42%,1.42%,1.42%,1.36%,1.36%,1.36%,1.36%,1.34%,1.36%,1.37%,1.40%,1.40%
0175,GEELY AUTOMOBILE HOLDINGS LIMITED,9.13%,9.09%,9.08%,8.99%,8.99%,8.95%,8.94%,8.90%,8.88%,8.86%,8.86%,8.86%,8.85%,8.80%,8.79%,8.76%,8.74%
0177,JIANGSU EXPRESSWAY COMPANY LIMITED,0.56%,0.57%,0.56%,0.56%,0.56%,0.56%,0.56%,0.56%,0.56%,0.56%,0.56%,0.56%,0.56%,0.56%,0.56%,0.54%,0.50%
0178,SA SA INTERNATIONAL HOLDINGS LIMITED,0.47%,0.47%,0.48%,0.47%,0.47%,0.47%,0.47%,0.48%,0.48%,0.49%,0.49%,0.49%,0.50%,0.50%,0.50%,0.50%,0.50%
0179,JOHNSON ELECTRIC HOLDINGS LIMITED,0.04%,0.04%,0.04%,0.04%,0.04%,0.04%,0.04%,0.04%,0.04%,0.04%,0.04%,0.04%,0.03%,0.03%,0.03%,0.03%,0.03%
0187,BEIJING JINGCHENG MACHINERY ELECTRIC COMPANY LIMITED,21.27%,20.97%,20.97%,20.87%,20.87%,20.87%,20.87%,20.87%,20.87%,20.87%,20.87%,20.87%,20.87%,20.87%,20.87%,20.87%,20.87%
0198,SMI HOLDINGS GROUP LIMITED,3.68%,3.68%,3.68%,3.69%,3.69%,3.71%,3.71%,3.71%,3.73%,3.73%,3.73%,3.73%,3.74%,3.75%,3.75%,3.75%,3.76%
0200,MELCO INTERNATIONAL DEVELOPMENT LIMITED,1.47%,1.47%,1.43%,1.45%,1.45%,1.50%,1.53%,1.58%,1.58%,1.58%,1.58%,1.58%,1.56%,1.53%,1.52%,1.52%,1.52%
0207,JOY CITY PROPERTY LIMITED,0.17%,0.17%,0.17%,0.17%,0.17%,0.17%,0.17%,0.17%,0.17%,0.17%,0.17%,0.17%,0.16%,0.16%,0.16%,0.16%,0.16%
0215,HUTCHISON TELECOMMUNICATIONS HONG KONG HOLDINGS LIMITED,1.52%,1.52%,1.52%,1.52%,1.52%,1.52%,1.52%,1.52%,1.52%,1.52%,1.52%,1.52%,1.52%,1.52%,1.53%,1.52%,1.52%
0220,UNI-PRESIDENT CHINA HOLDINGS LTD,1.30%,1.30%,1.30%,1.30%,1.30%,1.32%,1.32%,1.31%,1.25%,1.24%,1.24%,1.24%,1.22%,1.22%,1.21%,1.22%,1.19%
0241,ALIBABA HEALTH INFORMATION TECHNOLOGY LIMITED,2.59%,2.64%,2.65%,2.65%,2.65%,2.65%,2.66%,2.69%,2.71%,2.70%,2.70%,2.70%,2.71%,2.72%,2.75%,2.76%,2.78%
0242,SHUN TAK HOLDINGS LIMITED,7.94%,7.94%,7.95%,7.95%,7.95%,7.93%,7.92%,7.93%,7.91%,7.92%,7.92%,7.92%,7.91%,7.90%,7.89%,7.88%,7.87%
0245,CHINA MINSHENG FINANCIAL HOLDING CORPORATION LIMITED,0.16%,0.15%,0.15%,0.15%,0.15%,0.15%,0.15%,0.15%,0.15%,0.15%,0.15%,0.15%,0.15%,0.15%,0.15%,0.15%,0.15%
0256,CITYCHAMP WATCH & JEWELLERY GROUP LIMITED,5.42%,5.42%,5.46%,5.47%,5.47%,5.47%,5.47%,5.51%,5.53%,5.57%,5.57%,5.57%,5.58%,5.59%,5.61%,5.62%,5.61%
0257,CHINA EVERBRIGHT INTERNATIONAL LIMITED,3.19%,3.16%,3.18%,3.21%,3.21%,3.33%,3.35%,3.22%,3.19%,3.10%,3.10%,3.10%,3.10%,3.07%,3.07%,3.06%,2.98%
0267,CITIC LIMITED,0.08%,0.08%,0.08%,0.08%,0.08%,0.08%,0.08%,0.08%,0.08%,0.08%,0.08%,0.08%,0.08%,0.08%,0.08%,0.08%,0.08%
0268,KINGDEE INTERNATIONAL SOFTWARE GROUP COMPANY LIMITED,6.17%,6.42%,6.75%,6.89%,6.89%,6.95%,7.10%,7.24%,7.44%,7.52%,7.52%,7.52%,7.53%,7.54%,7.43%,7.41%,7.45%
0270,GUANGDONG INVESTMENT LIMITED,0.19%,0.19%,0.19%,0.19%,0.19%,0.20%,0.19%,0.19%,0.19%,0.19%,0.19%,0.19%,0.19%,0.20%,0.19%,0.20%,0.20%
0272,SHUI ON LAND LIMITED,6.91%,6.92%,6.92%,6.92%,6.92%,6.96%,6.97%,7.03%,7.03%,7.02%,7.02%,7.02%,7.08%,7.15%,7.18%,7.19%,7.19%
0279,FREEMAN FINTECH CORPORATION LIMITED,0.72%,0.72%,0.72%,0.72%,0.72%,0.72%,0.72%,0.72%,0.72%,0.72%,0.72%,0.72%,0.72%,0.72%,0.72%,0.72%,0.72%
0285,BYD ELECTRONIC (INTERNATIONAL) COMPANY LIMITED,5.47%,5.48%,5.49%,5.52%,5.52%,5.55%,5.57%,5.59%,5.63%,5.67%,5.67%,5.67%,5.55%,5.44%,5.38%,5.41%,5.25%
0288,WH GROUP LIMITED,0.84%,0.84%,0.85%,0.85%,0.85%,0.86%,0.85%,0.84%,0.84%,0.83%,0.83%,0.83%,0.83%,0.83%,0.83%,0.83%,0.83%
0291,CHINA RESOURCES BEER (HOLDINGS) COMPANY LIMITED,2.82%,2.86%,2.86%,2.86%,2.86%,2.86%,2.88%,2.87%,2.91%,2.95%,2.95%,2.95%,2.94%,2.96%,2.96%,2.98%,2.98%
0293,CATHAY PACIFIC AIRWAYS LTD,0.25%,0.25%,0.25%,0.24%,0.24%,0.23%,0.25%,0.25%,0.24%,0.24%,0.24%,0.24%,0.22%,0.23%,0.23%,0.23%,0.23%
0295,KONG SUN HOLDINGS LIMITED,0.11%,0.13%,0.13%,0.15%,0.15%,0.16%,0.16%,0.16%,0.16%,0.16%,0.16%,0.16%,0.18%,0.18%,0.19%,0.19%,0.20%
0297,SINOFERT HOLDINGS LIMITED,5.90%,5.79%,5.75%,5.62%,5.62%,5.59%,5.38%,5.35%,5.34%,5.31%,5.31%,5.31%,5.19%,5.23%,5.26%,5.27%,5.25%
0300,SHENJI GROUP KUNMING MACHINE TOOL COMPANY LIMITED,11.13%,11.13%,11.13%,11.13%,11.13%,11.13%,11.13%,11.13%,11.13%,11.13%,11.13%,11.13%,11.13%,11.13%,11.13%,11.13%,11.13%
0303,VTECH HOLDINGS LIMITED,0.20%,0.20%,0.20%,0.19%,0.19%,0.19%,0.19%,0.19%,0.19%,0.19%,0.19%,0.19%,0.18%,0.18%,0.18%,0.18%,0.18%
0308,CHINA TRAVEL INTERNATIONAL INVESTMENT HONG KONG LIMITED,2.87%,2.87%,2.86%,2.86%,2.86%,2.85%,2.84%,2.84%,2.84%,2.82%,2.82%,2.82%,2.81%,2.80%,2.79%,2.78%,2.77%
0315,SMARTONE TELECOMMUNICATIONS HOLDINGS LIMITED,0.34%,0.34%,0.34%,0.34%,0.34%,0.33%,0.33%,0.33%,0.31%,0.28%,0.28%,0.28%,0.28%,0.28%,0.28%,0.28%,0.29%
0316,ORIENT OVERSEAS (INTERNATIONAL) LIMITED,1.73%,1.73%,1.73%,1.72%,1.72%,1.72%,1.70%,1.70%,1.62%,1.50%,1.50%,1.50%,1.47%,1.47%,1.44%,1.43%,1.34%
0317,CSSC OFFSHORE & MARINE ENGINEERING (GROUP) COMPANY LIMITED,2.25%,2.23%,2.23%,2.24%,2.24%,2.21%,2.22%,2.26%,2.27%,2.27%,2.27%,2.27%,2.28%,2.29%,2.29%,2.28%,2.27%
0321,TEXWINCA HOLDINGS LIMITED,0.10%,0.11%,0.11%,0.11%,0.11%,0.11%,0.11%,0.11%,0.11%,0.11%,0.11%,0.11%,0.10%,0.10%,0.09%,0.09%,0.10%
0322,TINGYI (CAYMAN ISLANDS) HOLDING CORP,0.09%,0.08%,0.08%,0.08%,0.08%,0.08%,0.08%,0.09%,0.10%,0.10%,0.10%,0.10%,0.11%,0.11%,0.11%,0.09%,0.08%
0323,MAANSHAN IRON & STEEL COMPANY LIMITED,5.47%,5.40%,5.35%,5.35%,5.35%,5.35%,5.36%,5.38%,5.38%,5.26%,5.26%,5.26%,5.28%,5.24%,5.12%,5.11%,4.84%
0327,PAX GLOBAL TECHNOLOGY LIMITED,1.02%,1.03%,1.05%,1.11%,1.11%,1.14%,1.18%,1.20%,1.22%,1.30%,1.30%,1.30%,1.53%,1.50%,1.48%,1.53%,1.58%
0330,ESPRIT HOLDINGS LIMITED,1.92%,2.00%,2.35%,2.63%,2.63%,2.86%,3.22%,3.37%,3.58%,3.60%,3.60%,3.60%,3.68%,3.66%,3.71%,3.71%,3.72%
0336,HUABAO INTERNATIONAL HOLDINGS LIMITED,6.08%,6.06%,6.05%,6.05%,6.05%,6.06%,6.07%,6.07%,6.07%,6.08%,6.08%,6.08%,6.09%,6.09%,6.09%,6.10%,6.10%
0337,GREENLAND HONG KONG HOLDINGS LIMITED,1.39%,1.57%,1.59%,1.57%,1.57%,1.64%,1.73%,1.78%,1.91%,1.99%,1.99%,1.99%,2.37%,2.76%,2.83%,2.99%,3.00%
0338,SINOPEC SHANGHAI PETROCHEMICAL COMPANY LIMITED,2.58%,2.58%,2.57%,2.58%,2.58%,2.58%,2.58%,2.61%,2.68%,2.70%,2.70%,2.70%,2.70%,2.67%,2.67%,2.65%,2.65%
0341,CAFE DE CORAL HOLDINGS LTD,0.00%,0.00%,0.00%,0.00%,0.00%,0.00%,0.00%,0.00%,0.00%,0.00%,0.00%,0.00%,0.00%,0.00%,0.00%,0.00%,0.00%
0345,VITASOY INTERNATIONAL HOLDINGS LTD,0.26%,0.26%,0.28%,0.28%,0.28%,0.31%,0.31%,0.32%,0.32%,0.32%,0.32%,0.32%,0.32%,0.33%,0.33%,0.34%,0.36%
0347,ANGANG STEEL COMPANY LIMITED,0.93%,0.88%,0.88%,0.88%,0.88%,0.86%,0.83%,0.80%,0.77%,0.76%,0.76%,0.76%,0.76%,0.76%,0.74%,0.72%,0.69%
0354,CHINASOFT INTERNATIONAL LIMITED,11.05%,11.00%,10.99%,11.18%,11.18%,11.20%,11.12%,11.22%,11.23%,11.16%,11.16%,11.16%,11.19%,11.14%,11.17%,11.16%,11.38%
0358,JIANGXI COPPER COMPANY LIMITED,4.27%,4.28%,4.37%,4.46%,4.46%,4.50%,4.55%,4.54%,4.60%,4.57%,4.57%,4.57%,4.58%,4.60%,4.59%,4.60%,4.67%
0363,SHANGHAI INDUSTRIAL HOLDINGS LIMITED,1.69%,1.68%,1.68%,1.69%,1.69%,1.69%,1.69%,1.69%,1.70%,1.71%,1.71%,1.71%,1.71%,1.70%,1.64%,1.57%,1.56%
0368,SINOTRANS SHIPPING LIMITED,2.05%,2.07%,2.12%,2.18%,2.18%,2.17%,2.22%,2.22%,2.21%,2.21%,2.21%,2.21%,2.18%,2.17%,2.14%,2.13%,2.15%
0371,BEIJING ENTERPRISES WATER GROUP LIMITED,3.44%,3.45%,3.47%,3.45%,3.45%,3.53%,3.53%,3.60%,3.61%,3.62%,3.62%,3.62%,3.62%,3.64%,3.63%,3.61%,3.61%
0378,FDG KINETIC LIMITED,0.21%,0.20%,0.20%,0.20%,0.20%,0.20%,0.18%,0.18%,0.18%,0.18%,0.18%,0.18%,0.15%,0.16%,0.16%,0.17%,0.18%
0384,CHINA GAS HOLDINGS LIMITED,0.35%,0.35%,0.35%,0.35%,0.35%,0.35%,0.35%,0.35%,0.35%,0.35%,0.35%,0.35%,0.34%,0.34%,0.34%,0.35%,0.35%
0386,CHINA PETROLEUM & CHEMICAL CORPORATION,1.44%,1.44%,1.44%,1.45%,1.45%,1.45%,1.45%,1.45%,1.45%,1.45%,1.45%,1.45%,1.45%,1.45%,1.44%,1.44%,1.44%
0388,HONG KONG EXCHANGES AND CLEARING LIMITED,0.90%,0.95%,0.98%,0.98%,0.98%,0.98%,0.97%,0.97%,0.96%,0.97%,0.97%,0.97%,0.98%,0.98%,0.98%,0.98%,0.98%
0390,CHINA RAILWAY GROUP LIMITED,6.07%,6.09%,6.08%,6.08%,6.08%,6.07%,6.07%,6.07%,6.06%,6.06%,6.06%,6.06%,6.07%,6.06%,6.07%,6.08%,6.09%
0392,BEIJING ENTERPRISES HOLDINGS LIMITED,6.21%,6.19%,6.19%,6.15%,6.15%,6.14%,6.14%,6.16%,6.16%,6.14%,6.14%,6.14%,6.12%,6.11%,6.11%,6.11%,6.10%
0400,COGOBUY GROUP,2.91%,2.91%,2.88%,2.86%,2.86%,2.79%,2.81%,2.95%,2.94%,2.84%,2.84%,2.84%,2.80%,2.81%,2.81%,2.82%,2.82%
0410,SOHO CHINA LIMITED,4.38%,4.37%,4.37%,4.36%,4.36%,4.36%,4.34%,4.33%,4.31%,4.33%,4.33%,4.33%,4.34%,4.33%,4.34%,4.33%,4.33%
0412,CHINA INNOVATIVE FINANCE GROUP LIMITED,0.17%,0.16%
0412,CHINA SHANDONG HI-SPEED FINANCIAL GROUP LIMITED,0.16%,0.16%,0.15%,0.15%,0.15%,0.15%,0.15%,0.15%,0.15%,0.15%,0.15%,0.15%,0.15%,0.15%
0419,HUAYI TENCENT ENTERTAINMENT COMPANY LIMITED,1.53%,1.61%,1.66%,1.68%,1.68%,1.65%,1.73%,1.71%,1.74%,1.74%,1.74%,1.74%,1.72%,1.69%,1.79%,1.77%,1.76%
0425,MINTH GROUP LIMITED,,,,,,,,,,,,,,,,,
0439,KUANGCHI SCIENCE LIMITED,2.91%,2.89%,2.89%,2.89%,2.89%,2.89%,2.90%,2.90%,2.90%,2.89%,2.89%,2.89%,2.89%,2.89%,2.89%,2.89%,2.89%
0440,DAH SING FINANCIAL HOLDINGS LTD,0.26%,0.26%,0.26%,0.26%,0.26%,0.26%,0.26%,0.26%,0.26%,0.26%,0.26%,0.26%,0.26%,0.26%,0.27%,0.28%,0.31%
0451,GCL NEW ENERGY HOLDINGS LIMITED,0.82%,0.79%,0.78%,0.78%,0.78%,0.78%,0.75%,0.73%,0.74%,0.75%,0.75%,0.75%,0.72%,0.74%,0.76%,0.76%,0.77%
0460,SIHUAN PHARMACEUTICAL HOLDINGS GROUP LTD,3.37%,3.38%,3.39%,3.39%,3.39%,3.42%,3.43%,3.45%,3.47%,3.48%,3.48%,3.48%,3.52%,3.52%,3.53%,3.53%,3.56%
0467,UNITED ENERGY GROUP LIMITED,0.08%,0.08%,0.07%,0.08%,0.08%,0.08%,0.08%,0.08%,0.08%,0.08%,0.08%,0.08%,0.08%,0.08%,0.08%,0.08%,0.08%
0468,GREATVIEW ASEPTIC PACKAGING COMPANY LIMITED,0.04%,0.04%,0.04%,0.04%,0.04%,0.04%,0.04%,0.04%,0.04%,0.04%,0.04%,0.04%,0.04%,0.04%,0.04%,0.04%,0.04%
0480,HKR INTERNATIONAL LTD,0.03%,0.03%,0.03%,0.03%,0.03%,0.03%,0.03%,0.03%,0.03%,0.03%,0.03%,0.03%,0.03%,0.03%,0.03%,0.03%,0.03%
0488,LAI SUN DEVELOPMENT COMPANY LIMITED-NEW,0.00%,0.00%,0.00%,0.00%,0.00%,0.00%,0.00%,0.00%,0.00%,0.00%,0.00%,0.00%,0.00%,0.00%,0.00%,0.00%,0.00%
0489,DONGFENG MOTOR GROUP COMPANY LIMITED,4.44%,4.41%,4.41%,4.41%,4.41%,4.34%,4.09%,4.07%,4.03%,3.84%,3.84%,3.84%,3.86%,3.85%,3.87%,3.86%,3.88%
0493,GOME RETAIL HOLDINGS LIMITED,8.53%,8.52%,8.64%,8.67%,8.67%,8.70%,8.75%,8.90%,8.88%,8.99%,8.99%,8.99%,9.03%,8.94%,8.91%,8.88%,8.86%
0494,LI & FUNG LIMITED,0.18%,0.18%,0.18%,0.18%,0.18%,0.18%,0.18%,0.17%,0.17%,0.17%,0.17%,0.17%,0.17%,0.17%,0.17%,0.17%,0.17%
0506,CHINA FOODS LIMITED,8.75%,8.75%,8.37%,8.21%,8.21%,8.21%,8.20%,7.97%,7.80%,7.80%,7.80%,7.80%,7.80%,7.81%,7.84%,7.86%,7.83%
0511,TELEVISION BROADCASTS LTD,0.21%,0.21%,0.21%,0.21%,0.21%,0.21%,0.21%,0.21%,0.21%,0.22%,0.22%,0.22%,0.21%,0.22%,0.21%,0.23%,0.23%
0522,ASM PACIFIC TECHNOLOGY LIMITED,3.07%,3.14%,3.16%,3.24%,3.24%,3.32%,3.36%,3.41%,3.36%,3.38%,3.38%,3.38%,3.43%,3.43%,3.31%,3.25%,3.33%
0525,GUANGSHEN RAILWAY COMPANY LIMITED,12.38%,12.30%,12.19%,12.11%,12.11%,12.06%,12.10%,12.33%,12.45%,12.66%,12.66%,12.66%,12.73%,12.83%,12.91%,12.94%,13.04%
0530,GOLDIN FINANCIAL HOLDINGS LIMITED,0.13%,0.13%,0.13%,0.13%,0.13%,0.13%,0.13%,0.13%,0.13%,0.13%,0.13%,0.13%,0.13%,0.13%,0.13%,0.13%,0.13%
0535,GEMDALE PROPERTIES AND INVESTMENT CORPORATION LIMITED,1.00%,1.00%,1.00%,1.01%,1.01%,1.01%,1.02%,1.07%,1.13%,1.07%,1.07%,1.07%,1.23%,1.40%,1.48%,1.52%,1.62%
0546,FUFENG GROUP LIMITED,4.26%,4.19%,4.16%,4.15%,4.15%,4.17%,4.12%,4.12%,4.11%,4.10%,4.10%,4.10%,4.07%,4.07%,4.06%,4.06%,4.07%
0547,DIGITAL DOMAIN HOLDINGS LIMITED,2.29%,2.31%,2.69%,2.78%,2.78%,2.91%,2.87%,2.92%,2.97%,3.02%,3.02%,3.02%,3.08%,3.02%,3.07%,3.11%,3.18%
0548,SHENZHEN EXPRESSWAY COMPANY LIMITED,14.80%,14.85%,14.89%,14.98%,14.98%,15.07%,15.11%,15.04%,15.06%,15.21%,15.21%,15.21%,15.21%,15.25%,15.04%,15.01%,15.04%
0551,YUE YUEN INDUSTRIAL (HOLDINGS) LIMITED,0.02%,0.02%,0.02%,0.02%,0.02%,0.02%,0.02%,0.02%,0.02%,0.02%,0.02%,0.02%,0.02%,0.02%,0.02%,0.02%,0.02%
0552,CHINA COMMUNICATIONS SERVICES CORPORATION LIMITED,1.07%,1.06%,1.05%,1.05%,1.05%,1.04%,1.04%,1.03%,1.04%,1.04%,1.04%,1.04%,1.03%,1.01%,1.00%,1.01%,1.00%
0553,NANJING PANDA ELECTRONICS COMPANY LIMITED,30.25%,30.23%,30.20%,30.22%,30.22%,30.16%,30.18%,29.92%,29.82%,29.88%,29.88%,29.88%,29.91%,29.97%,29.89%,29.92%,29.95%
0563,SHANGHAI INDUSTRIAL URBAN DEVELOPMENT GROUP LIMITED,0.34%,0.38%,0.39%,0.40%,0.40%,0.41%,0.44%,0.44%,0.45%,0.46%,0.46%,0.46%,0.46%,0.44%,0.43%,0.43%,0.43%
0564,ZHENGZHOU COAL MINING MACHINERY GROUP COMPANY LIMITED,19.71%,19.77%,19.96%,20.30%,20.30%,20.64%,20.76%,20.78%,20.84%,20.99%,20.99%,20.99%,21.06%,21.16%,21.27%,21.27%,21.27%
0566,HANERGY THIN FILM POWER GROUP LIMITED,1.57%,1.57%,1.57%,1.57%,1.57%,1.57%,1.57%,1.57%,1.57%,1.57%,1.57%,1.57%,1.57%,1.57%,1.57%,1.57%,1.57%
0568,SHANDONG MOLONG PETROLEUM MACHINERY COMPANY LIMITED,4.11%,4.11%,4.11%,4.10%,4.10%,4.10%,4.10%,4.09%,4.09%,4.09%,4.09%,4.09%,4.09%,4.09%,4.09%,4.09%,4.08%
0570,CHINA TRADITIONAL CHINESE MEDICINE HOLDINGS CO LIMITED,6.03%,6.03%,6.05%,6.06%,6.06%,6.07%,6.11%,6.10%,6.11%,6.16%,6.16%,6.16%,6.19%,6.21%,6.27%,6.24%,6.24%
0576,ZHEJIANG EXPRESSWAY CO,1.25%,1.24%,1.24%,1.24%,1.24%,1.24%,1.18%,1.18%,1.18%,1.18%,1.18%,1.18%,1.18%,1.18%,1.18%,1.14%,1.06%
0579,BEIJING JINGNENG CLEAN ENERGY CO,8.89%,8.90%,8.89%,8.84%,8.84%,8.87%,8.89%,8.91%,8.95%,8.99%,8.99%,8.99%,9.00%,9.02%,8.98%,8.99%,9.02%
0581,CHINA ORIENTAL GROUP COMPANY LIMITED,1.50%,1.52%,1.41%,1.36%,1.36%,1.35%,1.51%,1.51%,1.58%,1.58%,1.58%,1.58%,1.67%,1.71%,1.72%,1.72%,1.81%
0586,CHINA CONCH VENTURE HOLDINGS LIMITED,1.63%,1.65%,1.69%,1.72%,1.72%,1.72%,1.78%,1.78%,1.78%,1.78%,1.78%,1.78%,1.78%,1.85%,1.92%,1.95%,1.97%
0588,BEIJING NORTH STAR COMPANY LIMITED,17.09%,17.07%,17.23%,17.28%,17.28%,17.31%,17.28%,17.30%,17.32%,17.34%,17.34%,17.34%,17.00%,17.01%,17.01%,17.00%,16.98%
0590,LUK FOOK HOLDINGS (INTERNATIONAL) LIMITED,0.11%,0.11%,0.11%,0.11%,0.11%,0.11%,0.12%,0.12%,0.12%,0.10%,0.10%,0.10%,0.09%,0.09%,0.09%,0.08%,0.09%
0598,SINOTRANS LIMITED,3.04%,3.04%,3.04%,3.06%,3.06%,3.08%,3.11%,3.10%,3.08%,3.14%,3.14%,3.14%,3.21%,3.13%,3.13%,3.15%,3.17%
0604,SHENZHEN INVESTMENT LIMITED,4.06%,4.06%,4.06%,4.02%,4.02%,4.03%,4.02%,4.02%,3.99%,4.01%,4.01%,4.01%,3.99%,3.99%,3.98%,3.94%,3.93%
0606,CHINA AGRI-INDUSTRIES HOLDINGS LIMITED,4.88%,4.89%,4.88%,4.88%,4.88%,4.89%,4.91%,4.90%,4.79%,4.79%,4.79%,4.79%,4.77%,4.78%,4.79%,4.80%,4.81%
0607,FULLSHARE HOLDINGS LIMITED,20.84%,20.83%,20.83%,20.83%,20.83%,20.84%,20.85%,20.86%,20.84%,20.83%,20.83%,20.83%,20.80%,20.79%,20.78%,20.67%,20.65%
0636,KERRY LOGISTICS NETWORK LIMITED,0.04%,0.04%,0.04%,0.04%,0.04%,0.04%,0.04%,0.04%,0.04%,0.04%,0.04%,0.04%,0.04%,0.04%,0.04%,0.04%,0.04%
0639,SHOUGANG FUSHAN RESOURCES GROUP LIMITED,4.04%,4.02%,4.01%,4.01%,4.01%,4.00%,3.99%,4.00%,4.01%,4.00%,4.00%,4.00%,4.02%,4.02%,4.03%,4.02%,4.03%
0656,FOSUN INTERNATIONAL LIMITED,5.24%,5.29%,5.31%,5.30%,5.30%,5.29%,5.28%,5.31%,5.30%,5.27%,5.27%,5.27%,5.31%,5.31%,5.30%,5.32%,5.30%
0658,CHINA HIGH SPEED TRANSMISSION EQUIPMENT GROUP CO,11.31%,11.29%,11.29%,11.30%,11.30%,11.30%,11.30%,11.31%,11.32%,11.34%,11.34%,11.34%,11.34%,11.35%,11.36%,11.37%,11.39%
0659,NWS HOLDINGS LIMITED,0.01%,0.01%,0.01%,0.01%,0.01%,0.01%,0.01%,0.01%,0.01%,0.01%,0.01%,0.01%,0.01%,0.01%,0.01%,0.01%,0.02%
0665,HAITONG INTERNATIONAL SECURITIES GROUP LIMITED,5.77%,5.95%,5.96%,5.99%,5.99%,5.94%,5.78%,5.78%,5.76%,5.71%,5.71%,5.71%,5.73%,5.61%,5.59%,5.50%,5.50%
0669,TECHTRONIC INDUSTRIES CO,0.03%,0.03%,0.03%,0.03%,0.03%,0.03%,0.03%,0.04%,0.05%,0.05%,0.05%,0.05%,0.05%,0.05%,0.05%,0.05%,0.04%
0670,CHINA EASTERN AIRLINES CORPORATION LIMITED,9.04%,9.03%,9.07%,9.09%,9.09%,9.08%,9.11%,9.11%,9.17%,9.15%,9.15%,9.15%,9.15%,8.84%,8.80%,8.75%,8.37%
0680,NAN HAI CORPORATION LIMITED,2.33%,2.33%,2.34%,2.34%,2.34%,2.34%,2.34%,2.34%,2.33%,2.33%,2.33%,2.33%,2.34%,2.35%,2.35%,2.35%,2.36%
0683,KERRY PROPERTIES LIMITED,0.21%,0.21%,0.21%,0.21%,0.21%,0.21%,0.21%,0.20%,0.20%,0.20%,0.20%,0.20%,0.20%,0.20%,0.20%,0.20%,0.20%
0686,PANDA GREEN ENERGY GROUP LIMITED,0.20%,0.24%,0.26%,0.30%,0.30%,0.29%,0.37%,0.36%,0.36%,0.37%,0.37%,0.37%,0.38%,0.38%,0.39%,0.39%,0.39%
0687,HONG KONG INTERNATIONAL CONSTRUCTION INVESTMENT MANAGEMENT GROUP CO,0.01%,0.01%,0.01%,0.01%,0.01%,0.01%,0.01%,0.02%,0.02%,0.02%,0.02%,0.02%,0.02%,0.02%,0.03%,0.03%,0.04%
0688,CHINA OVERSEAS LAND & INVESTMENT LIMITED,1.71%,1.71%,1.70%,1.70%,1.70%,1.70%,1.70%,1.71%,1.71%,1.71%,1.71%,1.71%,1.71%,1.71%,1.71%,1.69%,1.69%
0691,CHINA SHANSHUI CEMENT GROUP LIMITED,0.05%,0.05%,0.05%,0.05%,0.05%,0.05%,0.05%,0.05%,0.05%,0.05%,0.05%,0.05%,0.05%,0.05%,0.05%,0.05%,0.05%
0694,BEIJING CAPITAL INTERNATIONAL AIRPORT COMPANY LIMITED,1.61%,1.61%,1.61%,1.61%,1.61%,1.61%,1.55%,1.54%,1.51%,1.51%,1.51%,1.51%,1.52%,1.52%,1.53%,1.53%,1.53%
0696,TRAVELSKY TECHNOLOGY LIMITED,3.69%,3.72%,3.74%,3.75%,3.75%,3.58%,3.47%,3.32%,3.32%,3.30%,3.30%,3.30%,3.30%,3.38%,3.39%,3.41%,3.44%
0698,TONGDA GROUP HOLDINGS LIMITED,1.26%,1.28%,1.32%,1.33%,1.33%,1.33%,1.32%,1.33%,1.31%,1.30%,1.30%,1.30%,1.33%,1.35%,1.36%,1.41%,1.42%
0699,CAR INC,4.91%,4.90%,4.90%,4.91%,4.91%,4.90%,4.86%,4.86%,4.90%,4.91%,4.91%,4.91%,4.90%,4.91%,4.91%,4.93%,4.94%
0700,TENCENT HOLDINGS LIMITED,1.50%,1.52%,1.52%,1.52%,1.52%,1.52%,1.53%,1.52%,1.52%,1.52%,1.52%,1.52%,1.53%,1.53%,1.53%,1.53%,1.54%
0709,GIORDANO INTERNATIONAL LIMITED,0.07%,0.07%,0.07%,0.07%,0.07%,0.07%,0.07%,0.07%,0.07%,0.07%,0.07%,0.07%,0.07%,0.07%,0.07%,0.07%,0.07%
0715,CHINA OCEANWIDE HOLDINGS LIMITED,0.00%,0.00%,0.00%,0.00%,0.00%,0.00%,0.00%,0.00%,0.00%,0.00%,0.00%,0.00%,0.00%,0.00%,0.00%,0.00%,0.00%
0718,TAI UNITED HOLDINGS LIMITED,0.17%,0.19%,0.20%,0.22%,0.22%,0.25%,0.26%,0.29%,0.29%,0.35%,0.35%,0.35%,0.36%,0.37%,0.38%,0.37%,0.38%
0719,SHANDONG XINHUA PHARMACEUTICAL COMPANY LIMITED,26.84%,27.17%,27.24%,27.33%,27.33%,27.59%,27.64%,27.67%,27.79%,27.79%,27.79%,27.79%,27.94%,28.26%,28.25%,27.71%,27.49%
0721,CHINA FINANCIAL INTERNATIONAL INVESTMENTS LIMITED,4.93%,4.93%,4.93%,4.92%,4.92%,4.90%,4.88%,4.88%,4.88%,4.88%,4.88%,4.88%,4.88%,4.87%,4.86%,4.85%,4.83%
0728,CHINA TELECOM CORPORATION LIMITED,2.33%,2.23%,2.13%,2.04%,2.04%,1.96%,1.90%,1.86%,1.81%,1.79%,1.79%,1.79%,1.80%,1.80%,1.78%,1.78%,1.79%
0729,FDG ELECTRIC VEHICLES LIMITED,3.03%,3.07%,3.09%,3.10%,3.10%,3.10%,3.11%,3.12%,3.14%,3.17%,3.17%,3.17%,3.20%,3.23%,3.22%,3.27%,3.30%
0732,TRULY INTERNATIONAL HOLDINGS LIMITED,13.32%,13.55%,13.82%,13.95%,13.95%,13.93%,13.96%,14.16%,14.00%,13.84%,13.84%,13.84%,13.93%,13.61%,13.52%,13.58%,13.60%
0735,CHINA POWER CLEAN ENERGY DEVELOPMENT COMPANY LIMITED,3.81%,3.85%,3.91%,3.92%,3.92%,3.95%,4.03%,4.05%,4.06%,4.12%,4.12%,4.12%,4.16%,4.19%,4.21%,4.20%,4.22%
0737,HOPEWELL HIGHWAY INFRASTRUCTURE LIMITED -HKD TRADED SHARES,0.06%,0.06%,0.06%,0.05%,0.05%,0.05%,0.05%,0.05%,0.05%,0.05%,0.05%,0.05%,0.05%,0.05%,0.05%,0.05%,0.05%
0751,SKYWORTH DIGITAL HOLDINGS LIMITED,3.29%,3.33%,3.32%,3.38%,3.38%,3.35%,3.34%,3.28%,3.36%,3.41%,3.41%,3.41%,3.85%,4.01%,4.36%,4.19%,4.19%
0753,AIR CHINA LIMITED,5.79%,5.77%,5.74%,5.71%,5.71%,5.70%,5.68%,5.64%,5.63%,5.63%,5.63%,5.63%,5.75%,5.97%,5.97%,6.02%,6.31%
0754,HOPSON DEVELOPMENT HOLDINGS LIMITED,1.26%,1.25%,1.25%,1.25%,1.25%,1.25%,1.25%,1.25%,1.25%,1.25%,1.25%,1.25%,1.25%,1.25%,1.25%,1.25%,1.25%
0762,CHINA UNICOM (HONG KONG) LIMITED,0.80%,0.80%,0.79%,0.79%,0.79%,0.79%,0.76%,0.76%,0.76%,0.75%,0.75%,0.75%,0.75%,0.77%,0.79%,0.78%,0.85%
0763,ZTE CORPORATION,8.60%,8.57%,8.50%,8.50%,8.50%,8.38%,8.43%,8.98%,9.15%,9.26%,9.26%,9.26%,9.79%,10.04%,11.28%,11.65%,12.00%
0775,CK LIFE SCIENCES INT'L,0.47%,0.48%,0.48%,0.48%,0.48%,0.48%,0.48%,0.48%,0.47%,0.48%,0.48%,0.48%,0.48%,0.48%,0.48%,0.48%,0.48%
0777,NETDRAGON WEBSOFT HOLDINGS LIMITED,1.58%,1.57%,1.58%,1.58%,1.58%,1.60%,1.60%,1.59%,1.59%,1.55%,1.55%,1.55%,1.55%,1.54%,1.54%,1.57%,1.56%
0787,GLOBAL BRANDS GROUP HOLDING LIMITED,5.09%,5.14%,5.08%,4.28%,4.28%,4.40%,4.27%,4.17%,3.89%,3.97%,3.97%,3.97%,3.94%,3.93%,3.92%,3.94%,3.92%
0799,IGG INC,7.85%,7.88%,7.92%,7.91%,7.91%,7.97%,7.80%,7.76%,7.74%,7.73%,7.73%,7.73%,7.75%,7.75%,7.73%,7.60%,7.53%
0806,VALUE PARTNERS GROUP LIMITED,2.13%,2.05%,1.98%,1.93%,1.93%,1.93%,1.90%,1.93%,1.91%,1.95%,1.95%,1.95%,2.02%,2.03%,2.03%,2.03%,2.07%
0811,XINHUA WINSHARE PUBLISHING AND MEDIA CO,8.74%,8.65%,8.67%,8.53%,8.53%,8.51%,8.46%,8.44%,8.45%,8.46%,8.46%,8.46%,8.47%,8.52%,8.50%,8.47%,8.49%
0813,SHIMAO PROPERTY HOLDINGS LIMITED,0.34%,0.34%,0.34%,0.34%,0.34%,0.33%,0.31%,0.32%,0.32%,0.32%,0.32%,0.32%,0.32%,0.31%,0.31%,0.30%,0.29%
0816,HUADIAN FUXIN ENERGY CORPORATION LIMITED,1.72%,1.71%,1.71%,1.58%,1.58%,1.58%,1.57%,1.57%,1.57%,1.57%,1.57%,1.57%,1.57%,1.57%,1.57%,1.56%,1.54%
0817,CHINA JINMAO HOLDINGS GROUP LIMITED,6.06%,6.13%,6.18%,6.16%,6.16%,6.15%,6.15%,6.12%,6.10%,6.19%,6.19%,6.19%,6.26%,6.35%,6.37%,6.44%,6.50%
0819,TIANNENG POWER INTERNATIONAL LIMITED,2.88%,2.89%,2.91%,2.92%,2.92%,3.02%,2.99%,2.99%,2.99%,3.02%,3.02%,3.02%,3.03%,3.04%,3.06%,3.02%,3.01%
0829,SHENGUAN HOLDINGS (GROUP) LIMITED,5.43%,5.43%,5.43%,5.42%,5.42%,5.42%,5.42%,5.42%,5.42%,5.42%,5.42%,5.42%,5.42%,5.42%,5.42%,5.42%,5.42%
0836,CHINA RESOURCES POWER HOLDINGS COMPANY LIMITED,0.57%,0.58%,0.58%,0.58%,0.58%,0.58%,0.58%,0.58%,0.58%,0.59%,0.59%,0.59%,0.59%,0.60%,0.60%,0.67%,0.67%
0845,GLORIOUS PROPERTY HOLDINGS LIMITED,0.06%,0.06%,0.07%,0.07%,0.07%,0.07%,0.07%,0.07%,0.07%,0.07%,0.07%,0.07%,0.08%,0.08%,0.08%,0.08%,0.08%
0846,MINGFA GROUP (INTERNATIONAL) COMPANY LIMITED,0.08%,0.08%,0.08%,0.08%,0.08%,0.08%,0.08%,0.08%,0.08%,0.08%,0.08%,0.08%,0.08%,0.08%,0.08%,0.08%,0.08%
0853,MICROPORT SCIENTIFIC CORPORATION,1.36%,1.33%,1.32%,1.33%,1.33%,1.33%,1.34%,1.33%,1.33%,1.34%,1.34%,1.34%,1.34%,1.34%,1.34%,1.28%,1.28%
0855,CHINA WATER AFFAIRS GROUP LIMITED,8.54%,8.76%,8.87%,9.01%,9.01%,9.23%,9.24%,9.31%,9.35%,9.46%,9.46%,9.46%,9.47%,9.52%,9.72%,9.84%,9.93%
0857,PETROCHINA COMPANY LIMITED,2.55%,2.54%,2.54%,2.54%,2.54%,2.46%,2.46%,2.47%,2.47%,2.47%,2.47%,2.47%,2.46%,2.45%,2.67%,2.69%,2.71%
0861,DIGITAL CHINA HOLDINGS LIMITED,41.30%,41.36%,41.40%,41.47%,41.47%,41.52%,41.53%,41.55%,41.60%,41.63%,41.63%,41.63%,41.67%,41.66%,41.71%,41.74%,41.71%
0867,CHINA MEDICAL SYSTEM HOLDINGS LIMITED,1.87%,1.87%,1.87%,1.87%,1.87%,1.87%,1.87%,1.87%,1.87%,1.87%,1.87%,1.87%,1.88%,1.87%,1.87%,1.87%,1.84%
0868,XINYI GLASS HOLDINGS LIMITED,0.93%,0.94%,0.94%,0.96%,0.96%,0.95%,0.99%,1.00%,1.02%,1.02%,1.02%,1.02%,1.03%,0.99%,0.95%,1.02%,1.02%
0874,GUANGZHOU BAIYUNSHAN PHARMACEUTICAL HOLDINGS CO,29.86%,29.79%,29.60%,29.83%,29.83%,29.82%,29.49%,28.99%,29.12%,28.91%,28.91%,28.91%,28.92%,29.20%,29.26%,28.88%,28.82%
0880,SJM HOLDINGS LIMITED,3.34%,3.33%,3.33%,3.34%,3.34%,3.34%,3.33%,3.34%,3.34%,3.34%,3.34%,3.34%,3.35%,3.37%,3.37%,3.25%,3.18%
0881,ZHONGSHENG GROUP HOLDINGS LIMITED,2.95%,2.96%,2.96%,2.98%,2.98%,3.00%,3.02%,2.98%,2.99%,3.01%,3.01%,3.01%,3.02%,3.10%,3.14%,3.16%,3.18%
0883,CNOOC LIMITED,0.13%,0.12%,0.12%,0.12%,0.12%,0.12%,0.12%,0.12%,0.12%,0.12%,0.12%,0.12%,0.12%,0.12%,0.13%,0.13%,0.14%
0884,CIFI HOLDINGS (GROUP) CO,5.05%,5.04%,5.05%,5.06%,5.06%,5.06%,5.09%,5.11%,5.11%,5.12%,5.12%,5.12%,5.12%,5.07%,5.07%,5.07%,5.05%
0885,RENTIAN TECHNOLOGY HOLDINGS LIMITED,0.06%,0.06%,0.06%,0.06%,0.06%,0.06%,0.06%,0.06%,0.06%,0.06%,0.06%,0.06%,0.06%,0.06%,0.05%,0.05%,0.05%
0895,DONGJIANG ENVIRONMENTAL COMPANY LIMITED,15.35%,15.70%,15.78%,15.87%,15.87%,16.08%,16.13%,16.20%,16.39%,16.42%,16.42%,16.42%,16.43%,16.50%,16.67%,16.83%,16.98%
0902,HUANENG POWER INTERNATIONAL,13.32%,13.39%,13.38%,13.49%,13.49%,13.52%,13.53%,13.57%,13.83%,13.72%,13.72%,13.72%,13.75%,13.70%,13.65%,13.37%,13.11%
0911,QIANHAI HEALTH HOLDINGS LIMITED,7.03%,7.03%,7.03%,7.02%,7.02%,7.02%,7.02%,7.02%,7.02%,7.01%,7.01%,7.01%,6.98%,6.98%,6.97%,6.97%,6.97%
0914,ANHUI CONCH CEMENT COMPANY LIMITED,1.29%,1.28%,1.34%,1.34%,1.34%,1.33%,1.36%,1.36%,1.36%,1.36%,1.36%,1.36%,1.36%,1.35%,1.35%,1.32%,1.31%
0916,CHINA LONGYUAN POWER GROUP CORPORATION LIMITED,3.03%,3.02%,3.07%,3.05%,3.05%,3.05%,3.03%,3.05%,3.15%,3.15%,3.15%,3.15%,3.11%,3.09%,3.12%,3.14%,3.02%
0921,HISENSE KELON ELECTRICAL HOLDINGS COMPANY LIMITED,10.21%,9.84%,10.13%,10.29%,10.29%,10.38%,10.57%,10.94%,11.17%,11.46%,11.46%,11.46%,11.17%,11.44%,11.66%,11.69%,11.60%
0931,CHINA LNG GROUP LIMITED,1.73%,1.78%,1.84%,1.89%,1.89%,1.97%,1.96%,1.95%,1.96%,1.96%,1.96%,1.96%,1.96%,1.96%,1.96%,1.96%,1.96%
0933,BRIGHTOIL PETROLEUM (HOLDINGS) LIMITED,0.24%,0.24%,0.24%,0.24%,0.24%,0.24%,0.24%,0.24%,0.24%,0.24%,0.24%,0.24%,0.24%,0.24%,0.24%,0.24%,0.24%
0934,SINOPEC KANTONS HOLDINGS LIMITED,4.76%,4.78%,4.77%,4.79%,4.79%,4.75%,4.74%,4.73%,4.73%,4.73%,4.73%,4.73%,4.73%,4.71%,4.70%,4.70%,4.70%
0939,CHINA CONSTRUCTION BANK CORPORATION,3.89%,3.89%,3.89%,3.90%,3.90%,3.91%,3.92%,3.92%,3.93%,3.93%,3.93%,3.93%,3.93%,3.96%,3.96%,3.98%,3.98%
0941,CHINA MOBILE LIMITED,0.11%,0.12%,0.12%,0.12%,0.12%,0.12%,0.12%,0.12%,0.12%,0.11%,0.11%,0.11%,0.12%,0.12%,0.12%,0.12%,0.12%
0951,CHAOWEI POWER HOLDINGS LIMITED,4.02%,4.16%,4.20%,4.19%,4.19%,4.40%,4.56%,4.56%,4.56%,4.58%,4.58%,4.58%,4.60%,4.59%,4.47%,4.30%,4.32%
0958,HUANENG RENEWABLES CORPORATION LIMITED,7.12%,7.12%,7.32%,7.58%,7.58%,7.60%,7.54%,7.63%,7.85%,7.83%,7.83%,7.83%,7.80%,7.82%,7.85%,7.71%,7.77%
0960,LONGFOR PROPERTIES CO,2.91%,2.91%,2.89%,2.89%,2.89%,2.90%,2.89%,2.89%,2.89%,2.90%,2.90%,2.90%,2.90%,2.90%,2.89%,2.90%,2.92%
0966,CHINA TAIPING INSURANCE HOLDINGS COMPANY LIMITED,8.28%,8.34%,8.38%,8.35%,8.35%,8.38%,8.41%,8.55%,8.58%,8.73%,8.73%,8.73%,8.84%,8.92%,9.05%,9.05%,9.10%
0967,SOUND GLOBAL LTD,0.01%,0.01%,0.01%,0.01%,0.01%,0.01%,0.01%,0.01%,0.01%,0.01%,0.01%,0.01%,0.01%,0.01%,0.01%,0.01%,0.01%
0968,XINYI SOLAR HOLDINGS LIMITED,0.94%,0.97%,0.97%,0.97%,0.97%,0.97%,0.97%,0.94%,0.94%,0.90%,0.90%,0.90%,0.90%,0.90%,0.88%,0.88%,0.88%
0976,CHIHO ENVIRONMENTAL GROUP LIMITED,5.74%,5.73%,5.73%,5.73%,5.73%,5.72%,5.73%,5.72%,5.70%,5.70%,5.70%,5.70%,5.70%,5.69%,5.68%,5.69%,5.69%
0978,CHINA MERCHANTS LAND LIMITED,0.77%,0.77%,0.77%,0.78%,0.78%,0.78%,0.77%,0.78%,0.78%,0.78%,0.78%,0.78%,0.78%,0.78%,0.78%,0.77%,0.77%
0981,SEMICONDUCTOR MANUFACTURING INTERNATIONAL CORPORATION,11.92%,12.23%,12.45%,12.67%,12.67%,12.92%,12.97%,13.04%,13.15%,13.27%,13.27%,13.27%,13.45%,13.68%,13.84%,13.92%,14.20%
0991,DATANG INTERNATIONAL POWER GENERATION CO,8.46%,8.45%,8.44%,8.44%,8.44%,8.44%,8.45%,8.43%,8.25%,8.23%,8.23%,8.23%,8.19%,8.15%,8.14%,8.09%,8.05%
0992,LENOVO GROUP LIMITED,1.93%,1.93%,1.91%,1.91%,1.91%,1.85%,1.83%,1.82%,1.83%,1.84%,1.84%,1.84%,1.83%,1.82%,1.82%,1.82%,1.82%
0995,ANHUI EXPRESSWAY COMPANY LIMITED,9.44%,9.36%,9.19%,9.22%,9.22%,9.22%,9.18%,9.14%,9.17%,9.17%,9.17%,9.17%,9.22%,9.22%,9.24%,9.17%,9.06%
0996,CARNIVAL GROUP INTERNATIONAL HOLDINGS LIMITED,0.22%,0.23%,0.25%,0.25%,0.25%,0.24%,0.25%,0.25%,0.26%,0.25%,0.25%,0.25%,0.25%,0.25%,0.26%,0.25%,0.25%
0998,CHINA CITIC BANK CORPORATION LIMITED,17.74%,17.76%,17.78%,17.85%,17.85%,17.99%,18.03%,18.08%,18.11%,18.10%,18.10%,18.10%,18.18%,18.19%,18.24%,18.37%,18.48%
1030,FUTURE LAND DEVELOPMENT HOLDINGS LIMITED,7.02%,7.05%,7.05%,6.95%,6.95%,6.97%,7.00%,7.04%,7.06%,7.06%,7.06%,7.06%,7.06%,7.08%,7.14%,7.12%,7.12%
1031,KINGSTON FINANCIAL GROUP LIMITED,0.00%,0.00%,0.00%,0.01%,0.01%,0.00%,0.00%,0.00%,0.00%,0.00%,0.00%,0.00%,0.00%,0.01%,0.00%,0.00%,0.01%
1033,SINOPEC OILFIELD SERVICE CORPORATION,14.81%,14.90%,15.09%,15.15%,15.15%,15.05%,15.09%,15.16%,15.33%,15.46%,15.46%,15.46%,15.71%,15.75%,15.63%,15.68%,15.89%
1038,CK INFRASTRUCTURE HOLDINGS LIMITED,0.26%,0.26%,0.26%,0.26%,0.26%,0.26%,0.26%,0.26%,0.26%,0.26%,0.26%,0.26%,0.26%,0.26%,0.26%,0.26%,0.26%
1044,HENGAN INTERNATIONAL GROUP COMPANY LIMITED,0.49%,0.49%,0.47%,0.47%,0.47%,0.47%,0.47%,0.47%,0.47%,0.46%,0.46%,0.46%,0.46%,0.46%,0.47%,0.46%,0.46%
1052,YUEXIU TRANSPORT INFRASTRUCTURE LIMITED,0.25%,0.25%,0.25%,0.25%,0.25%,0.25%,0.26%,0.26%,0.26%,0.26%,0.26%,0.26%,0.26%,0.26%,0.26%,0.26%,0.26%
1053,CHONGQING IRON & STEEL COMPANY LIMITED,14.85%,14.85%,14.85%,14.84%,14.84%,14.84%,14.84%,14.84%,14.84%,14.84%,14.84%,14.84%,14.78%,14.78%,14.77%,14.76%,14.76%
1055,CHINA SOUTHERN AIRLINES COMPANY LIMITED,17.43%,17.40%,17.46%,17.06%,17.06%,17.02%,17.00%,17.02%,16.99%,16.90%,16.90%,16.90%,16.69%,16.91%,16.99%,16.92%,16.69%
1057,ZHEJIANG SHIBAO COMPANY LIMITED,5.39%,5.42%,5.53%,5.55%,5.55%,5.38%,5.15%,4.99%,4.96%,4.63%,4.63%,4.63%,4.73%,4.74%,4.55%,4.44%,4.30%
1060,ALIBABA PICTURES GROUP LIMITED,6.11%,6.14%,6.13%,6.13%,6.13%,6.13%,6.13%,6.14%,6.14%,6.18%,6.18%,6.18%,6.18%,6.19%,6.19%,6.20%,6.21%
1065,TIANJIN CAPITAL ENVIRONMENTAL PROTECTION GROUP COMPANY LIMITED,15.17%,15.05%,15.03%,14.95%,14.95%,14.91%,14.94%,14.78%,14.80%,14.78%,14.78%,14.78%,14.75%,14.71%,14.64%,14.69%,14.81%
1066,SHANDONG WEIGAO GROUP MEDICAL POLYMER COMPANY LIMITED,1.15%,1.15%,1.16%,1.15%,1.15%,1.15%,1.17%,1.17%,1.21%,1.24%,1.24%,1.24%,1.25%,1.26%,1.26%,1.26%,1.27%
1068,CHINA YURUN FOOD GROUP LIMITED,1.38%,1.38%,1.38%,1.38%,1.38%,1.38%,1.38%,1.38%,1.38%,1.38%,1.38%,1.38%,1.38%,1.38%,1.38%,1.38%,1.38%
1070,TCL MULTIMEDIA TECHNOLOGY HOLDINGS LIMITED,0.36%,0.37%,0.36%,0.31%,0.31%,0.29%,0.31%,0.34%,0.35%,0.35%,0.35%,0.35%,0.38%,0.39%,0.39%,0.36%,0.36%
1071,HUADIAN POWER INTERNATIONAL CORPORATION LIMITED,23.97%,24.06%,24.20%,24.33%,24.33%,24.42%,24.52%,24.47%,24.57%,24.61%,24.61%,24.61%,24.45%,24.44%,24.35%,24.27%,24.20%
1072,DONGFANG ELECTRIC CORPORATION LIMITED,20.90%,20.96%,21.11%,21.15%,21.15%,21.23%,21.23%,21.22%,21.27%,21.25%,21.25%,21.25%,21.31%,21.29%,21.30%,21.23%,21.33%
1076,IMPERIAL PACIFIC INTERNATIONAL HOLDINGS LIMITED,0.53%,0.53%,0.53%,0.53%,0.53%,0.53%,0.53%,0.53%,0.53%,0.53%,0.53%,0.53%,0.53%,0.53%,0.53%,0.53%,0.53%
1083,TOWNGAS CHINA COMPANY LIMITED,0.31%,0.31%,0.31%,0.31%,0.31%,0.32%,0.31%,0.30%,0.30%,0.30%,0.30%,0.30%,0.30%,0.30%,0.30%,0.29%,0.29%
1088,CHINA SHENHUA ENERGY COMPANY LIMITED,8.95%,9.00%,8.88%,8.92%,8.92%,8.94%,8.98%,8.99%,8.99%,9.02%,9.02%,9.02%,9.09%,9.18%,9.17%,9.07%,9.08%
1093,CSPC PHARMACEUTICAL GROUP LIMITED,4.98%,5.04%,5.16%,,,5.18%,5.31%,5.42%,5.47%,5.52%,5.52%,5.52%,5.59%,5.61%,5.62%,5.58%,5.54%
1097,I-CABLE COMMUNICATIONS LIMITED,0.02%,0.02%,0.02%,0.02%,0.02%,0.02%,0.02%,0.02%,0.02%,0.02%,0.02%,0.02%,0.02%,0.02%,0.01%,0.01%,0.01%
1098,ROAD KING INFRASTRUCTURE LIMITED,1.13%,1.15%,1.15%,1.15%,1.15%,1.15%,1.15%,1.09%,1.09%,1.09%,1.09%,1.09%,1.07%,1.06%,1.07%,1.07%,1.09%
1099,SINOPHARM GROUP CO,3.59%,3.64%,3.71%,3.73%,3.73%,3.79%,3.77%,3.77%,3.76%,3.76%,3.76%,3.76%,3.78%,3.77%,3.76%,3.81%,3.82%
1108,LUOYANG GLASS COMPANY LIMITED,21.05%,21.01%,21.13%,21.09%,21.09%,21.14%,21.18%,21.27%,21.44%,21.49%,21.49%,21.49%,21.54%,21.43%,21.45%,21.55%,21.65%
1109,CHINA RESOURCES LAND LIMITED,1.82%,1.82%,1.82%,1.82%,1.82%,1.82%,1.82%,1.82%,1.82%,1.82%,1.82%,1.82%,1.82%,1.82%,1.82%,1.82%,1.82%
1111,CHONG HING BANK LIMITED,0.21%,0.21%,0.21%,0.21%,0.21%,0.21%,0.21%,0.21%,0.21%,0.21%,0.21%,0.21%,0.21%,0.21%,0.21%,0.21%,0.21%
1112,HELATH AND HAPPINESS (H&H) INTERNATIONAL HOLDINGS LIMITED,10.22%,10.19%,10.17%,10.24%,10.24%,10.23%,10.20%,10.17%,10.09%,10.07%,10.07%,10.07%,10.07%,9.89%,9.83%,9.73%,9.73%
1113,CK ASSET HOLDINGS LIMITED,0.19%,0.19%,0.19%,0.19%,0.19%,0.19%,0.19%,0.20%,0.20%,0.20%,0.20%,0.20%,0.20%,0.20%,0.20%,0.20%,0.20%
1114,BRILLIANCE CHINA AUTOMOTIVE HOLDINGS LIMITED,2.55%,2.53%,2.52%,2.50%,2.50%,2.48%,2.53%,2.52%,2.50%,2.50%,2.50%,2.50%,2.50%,2.50%,2.51%,2.52%,2.50%
1115,TIBET WATER RESOURCES LTD,3.14%,3.16%,3.17%,3.17%,3.17%,3.17%,3.18%,3.18%,3.19%,3.21%,3.21%,3.21%,3.26%,3.26%,3.29%,3.42%,3.48%
1117,CHINA MODERN DAIRY HOLDINGS LTD,2.12%,2.05%,2.06%,2.06%,2.06%,2.06%,2.06%,2.08%,2.09%,2.09%,2.09%,2.09%,2.10%,2.11%,2.11%,2.11%,2.11%
1128,WYNN MACAU,1.23%,1.24%,1.24%,1.25%,1.25%,1.27%,1.28%,1.29%,1.29%,1.29%,1.29%,1.29%,1.30%,1.29%,1.29%,1.27%,1.27%
1136,TCC INTERNATIONAL HOLDINGS LIMITED,0.02%,0.02%,0.02%,0.02%,0.02%,0.02%,0.02%,0.02%,0.02%,0.02%,0.02%,0.02%,0.02%,0.02%,0.02%,0.02%,0.02%
1138,COSCO SHIPPING ENERGY TRANSPORTATION CO,8.15%,8.17%,8.11%,8.11%,8.11%,8.15%,8.08%,7.98%,7.81%,7.74%,7.74%,7.74%,7.70%,7.68%,7.67%,7.67%,7.90%
1141,CMBC CAPITAL HOLDINGS LIMITED,0.79%,0.79%,0.79%,0.79%,0.79%,0.79%,0.80%,0.80%,0.81%,0.81%,0.81%,0.81%,0.82%,0.84%,0.84%,0.84%,0.84%
1157,ZOOMLION HEAVY INDUSTRY SCIENCE AND TECHNOLOGY CO,5.56%,5.27%,5.25%,5.19%,5.19%,5.19%,5.39%,5.40%,5.44%,5.44%,5.44%,5.44%,5.51%,5.54%,5.45%,5.45%,5.33%
1165,SHUNFENG INTERNATIONAL CLEAN ENERGY LIMITED,9.74%,9.73%,9.73%,9.73%,9.73%,9.73%,9.73%,9.73%,9.73%,9.73%,9.73%,9.73%,9.73%,9.73%,9.73%,9.72%,9.72%
1169,HAIER ELECTRONICS GROUP CO,0.19%,0.22%,0.25%,0.27%,0.27%,0.27%,0.29%,0.29%,0.30%,0.29%,0.29%,0.29%,0.30%,0.30%,0.30%,0.31%,0.32%
1171,YANZHOU COAL MINING COMPANY LIMITED,7.87%,7.87%,7.81%,7.82%,7.82%,7.87%,7.83%,7.82%,7.83%,7.77%,7.77%,7.77%,7.75%,7.82%,7.88%,7.82%,7.86%
1177,SINO BIOPHARMACEUTICAL LIMITED,2.37%,2.38%,2.39%,2.39%,2.39%,2.41%,2.42%,2.43%,2.44%,2.42%,2.42%,2.42%,2.43%,2.44%,2.48%,2.51%,2.49%
1186,CHINA RAILWAY CONSTRUCTION CORPORATION LIMITED,3.61%,3.64%,3.66%,3.70%,3.70%,3.65%,3.68%,3.58%,3.57%,3.53%,3.53%,3.53%,3.52%,3.51%,3.49%,3.50%,3.57%
1188,HYBRID KINETIC GROUP LIMITED,0.92%,0.92%,0.92%,0.92%,0.92%,0.92%,0.92%,0.92%,0.92%,0.92%,0.92%,0.92%,0.92%,0.92%,0.92%,0.92%,0.92%
1193,CHINA RESOURCES GAS GROUP LIMITED,0.25%,0.25%,0.25%,0.25%,0.25%,0.25%,0.25%,0.24%,0.24%,0.24%,0.24%,0.24%,0.24%,0.23%,0.22%,0.21%,0.21%
1196,REALORD GROUP HOLDINGS LIMITED,1.41%,1.41%,1.41%,1.42%,1.42%,1.46%,1.56%,1.63%,1.63%,1.61%,1.61%,1.61%,1.61%,1.62%,1.64%,1.70%,1.81%
1199,COSCO SHIPPING PORTS LIMITED,0.37%,0.37%,0.37%,0.37%,0.37%,0.37%,0.37%,0.37%,0.37%,0.37%,0.37%,0.37%,0.37%,0.37%,0.37%,0.37%,0.37%
1205,CITIC RESOURCES HOLDINGS LIMITED,2.11%,2.11%,2.12%,2.14%,2.14%,2.16%,2.18%,2.18%,2.16%,2.11%,2.11%,2.11%,2.14%,2.17%,2.17%,2.15%,2.14%
1208,MMG LIMITED,2.13%,2.13%,2.12%,2.11%,2.11%,2.10%,2.13%,2.18%,2.17%,2.14%,2.14%,2.14%,2.19%,2.18%,2.25%,2.22%,2.22%
1211,BYD COMPANY LIMITED,2.22%,2.21%,2.20%,2.20%,2.20%,2.17%,2.17%,2.11%,2.03%,2.04%,2.04%,2.04%,2.04%,2.04%,2.01%,2.02%,2.02%
1212,LIFESTYLE INTERNATIONAL HOLDINGS LIMITED,0.01%,0.01%,0.01%,0.01%,0.01%,0.01%,0.01%,0.01%,0.01%,0.01%,0.01%,0.01%,0.01%,0.01%,0.01%,0.01%,0.01%
1230,YASHILI INTERNATIONAL HOLDINGS LTD,1.05%,1.05%,1.04%,1.03%,1.03%,1.04%,1.03%,1.06%,1.11%,1.11%,1.11%,1.11%,1.11%,1.11%,1.11%,1.11%,1.11%
1234,CHINA LILANG LIMITED,2.41%,2.40%,2.40%,2.40%,2.40%,2.38%,2.33%,2.33%,2.31%,2.30%,2.30%,2.30%,2.30%,2.30%,2.30%,2.29%,2.30%
1236,NATIONAL AGRICULTURAL HOLDINGS LIMITED,2.26%,2.26%,2.26%,2.26%,2.26%,2.26%,2.26%,2.26%,2.26%,2.26%,2.26%,2.26%,2.26%,2.26%,2.26%,2.26%,2.26%
1238,POWERLONG REAL ESTATE HOLDINGS LIMITED,0.78%,0.78%,0.78%,0.79%,0.79%,0.79%,0.79%,0.78%,0.78%,0.80%,0.80%,0.80%,0.79%,0.80%,0.81%,0.82%,0.82%
1250,BEIJING ENTERPRISES CLEAN ENERGY GROUP LIMITED,1.63%,1.65%,1.65%,1.67%,1.67%,1.65%,1.66%,1.66%,1.68%,1.75%,1.75%,1.75%,1.81%,1.87%,1.91%,1.93%,2.04%
1253,CHINA GREENLAND BROAD GREENSTATE GROUP COMPANY LIMITED,0.50%,0.50%,0.50%,0.50%,0.50%,0.50%,0.50%,0.50%,0.50%,0.50%,0.50%,0.50%,0.50%,0.50%,0.50%,0.50%,0.50%
1257,CHINA EVERBRIGHT GREENTECH LIMITED,0.17%,0.17%,0.17%,0.18%,0.18%,0.18%,0.18%,0.20%,0.21%,0.29%,0.29%,0.29%,0.31%,0.32%,0.32%,0.32%,0.33%
1282,CHINA GOLDJOY GROUP LIMITED,8.22%,8.23%,8.23%,8.23%,8.23%,8.23%,8.23%,8.23%,8.24%,8.25%,8.25%,8.25%,8.25%,8.25%,8.25%,8.25%,8.25%
1288,AGRICULTURAL BANK OF CHINA LIMITED,6.19%,6.27%,6.39%,6.47%,6.47%,6.59%,6.56%,6.60%,6.61%,6.65%,6.65%,6.65%,6.68%,6.75%,6.81%,6.89%,6.93%
1293,GRAND BAOXIN AUTO GROUP LIMITED,5.67%,5.71%,5.80%,5.81%,5.81%,5.80%,5.80%,5.83%,5.82%,5.82%,5.82%,5.82%,5.89%,5.83%,5.89%,5.71%,5.73%
1299,AIA GROUP LIMITED,0.24%,0.25%,0.25%,0.25%,0.25%,0.25%,0.22%,0.21%,0.21%,0.21%,0.21%,0.21%,0.21%,0.20%,0.21%,0.21%,0.21%
1302,LIFETECH SCIENTIFIC CORPORATION,5.87%,5.90%,5.93%,5.95%,5.95%,6.00%,6.02%,6.03%,6.06%,6.07%,6.07%,6.07%,6.07%,6.08%,6.15%,6.24%,6.34%
1308,SITC INTERNATIONAL HOLDINGS COMPANY LIMITED,0.59%,0.59%,0.57%,0.57%,0.57%,0.57%,0.57%,0.57%,0.57%,0.57%,0.57%,0.57%,0.57%,0.57%,0.58%,0.58%,0.58%
1310,HKBN LTD,0.01%,0.01%,0.01%,0.01%,0.01%,0.01%,0.01%,0.01%,0.01%,0.01%,0.01%,0.01%,0.02%,0.02%,0.01%,0.01%,0.01%
1313,CHINA RESOURCES CEMENT HOLDINGS LIMITED,0.53%,0.53%,0.52%,0.52%,0.52%,0.52%,0.52%,0.50%,0.50%,0.50%,0.50%,0.50%,0.50%,0.51%,0.51%,0.51%,0.50%
1315,VISION FAME INTERNATIONAL HOLDING LIMITED,10.69%,10.70%,10.90%,11.06%,11.06%,11.51%,11.61%,11.55%,11.44%,11.43%,11.43%,11.43%,11.41%,11.47%,11.47%,11.48%,11.46%
1316,NEXTEER AUTOMOTIVE GROUP LIMITED,1.02%,1.04%,1.03%,1.03%,1.03%,1.03%,1.03%,1.05%,1.08%,1.08%,1.08%,1.08%,1.09%,1.10%,1.11%,1.10%,1.10%
1317,CHINA MAPLE LEAF EDUCATIONAL SYSTEMS LIMITED,6.91%,6.93%,6.99%,7.07%,7.07%,7.19%,7.28%,7.42%,7.45%,7.43%,7.43%,7.43%,7.52%,7.71%,7.69%,7.71%,7.71%
1333,CHINA ZHONGWANG HOLDINGS LIMITED,4.67%,4.68%,4.69%,4.68%,4.68%,4.69%,4.69%,4.68%,4.67%,4.68%,4.68%,4.68%,4.66%,4.67%,4.67%,4.67%,4.68%
1336,NEW CHINA LIFE INSURANCE COMPANY LTD,28.67%,28.66%,28.64%,28.94%,28.94%,29.12%,29.19%,29.34%,29.48%,29.57%,29.57%,29.57%,29.61%,29.61%,29.81%,30.47%,30.89%
1339,PEOPLE'S INSURANCE COMPANY (GROUP) OF CHINA LIMITED,8.01%,8.11%,8.09%,8.29%,8.29%,8.34%,8.39%,8.39%,8.47%,8.54%,8.54%,8.54%,8.63%,8.76%,8.76%,8.82%,8.78%
1347,HUA HONG SEMICONDUCTOR LIMITED,1.88%,1.93%,1.78%,1.77%,1.77%,1.73%,2.02%,2.14%,2.21%,2.24%,2.24%,2.24%,2.26%,2.18%,2.22%,2.39%,2.53%
1357,MEITU,,,,,,,,,,,,,,,,,
1359,CHINA CINDA ASSET MANAGEMENT CO,10.19%,10.24%,10.33%,10.39%,10.39%,10.45%,10.46%,10.47%,10.51%,10.50%,10.50%,10.50%,10.52%,10.55%,10.54%,10.56%,10.54%
1361,361 DEGREES INTERNATIONAL LIMITED,1.24%,1.30%,1.35%,1.33%,1.33%,1.40%,1.35%,1.35%,1.29%,1.32%,1.32%,1.32%,1.36%,1.36%,1.33%,1.33%,1.31%
1363,CT ENVIRONMENTAL GROUP LIMITED,2.55%,2.71%,2.78%,2.82%,2.82%,2.78%,2.70%,2.77%,3.04%,3.08%,3.08%,3.08%,3.12%,3.22%,3.26%,3.25%,3.25%
1368,XTEP INTERNATIONAL HOLDINGS LIMITED,0.91%,0.95%,0.94%,0.94%,0.94%,0.93%,1.05%,1.04%,1.02%,1.02%,1.02%,1.02%,1.03%,1.02%,1.02%,1.04%,1.03%
1375,CENTRAL CHINA SECURITIES CO,3.43%,3.43%,3.43%,3.47%,3.47%,3.50%,3.47%,3.50%,3.50%,3.50%,3.50%,3.50%,3.50%,3.50%,3.49%,3.49%,3.49%
1378,CHINA HONGQIAO GROUP LIMITED,8.99%,8.99%,8.99%,8.99%,8.99%,8.99%,8.99%,8.99%,8.99%,8.99%,8.99%,8.99%,8.99%,8.99%,8.67%,8.65%,8.60%
1381,CANVEST ENVIRONMENTAL PROTECTION GROUP COMPANY LIMITED,0.77%,0.77%,0.77%,0.77%,0.77%,0.77%,0.78%,0.78%,0.78%,0.78%,0.78%,0.78%,0.78%,0.78%,0.78%,0.78%,0.78%
1382,PACIFIC TEXTILES HOLDINGS LIMITED,0.22%,0.27%,0.27%,0.27%,0.27%,0.28%,0.28%,0.28%,0.29%,0.29%,0.29%,0.29%,0.29%,0.29%,0.29%,0.27%,0.25%
1387,RENHE COMMERCIAL HOLDINGS COMPANY LIMITED,5.60%,5.60%,5.59%,5.59%,5.59%,5.59%,5.59%,5.59%,5.58%,5.58%,5.58%,5.58%,5.58%,5.56%,5.56%,5.55%,5.55%
1398,INDUSTRIAL AND COMMERCIAL BANK OF CHINA LIMITED,10.40%,10.40%,10.39%,10.45%,10.45%,10.46%,10.49%,10.51%,10.51%,10.52%,10.52%,10.52%,10.61%,10.85%,10.85%,10.96%,11.03%
1432,CHINA SHENGMU ORGANIC MILK LIMITED,2.54%,2.54%,2.53%,2.55%,2.55%,2.56%,2.56%,2.57%,2.55%,2.56%,2.56%,2.56%,2.56%,2.57%,2.59%,2.57%,2.57%
1448,FU SHOU YUAN INTERNATIONAL GROUP LIMITED,2.57%,2.59%,2.62%,2.60%,2.60%,2.58%,2.65%,2.68%,2.73%,2.74%,2.74%,2.74%,2.76%,2.77%,2.78%,2.72%,2.72%
1458,ZHOU HEI YA INTERNATIONAL HOLDINGS COMPANY LIMITED,5.79%,5.82%,5.80%,5.86%,5.86%,5.89%,5.92%,5.97%,6.01%,6.03%,6.03%,6.03%,6.07%,6.05%,6.09%,6.14%,6.19%
1478,Q TECHNOLOGY (GROUP) COMPANY LIMITED,0.96%,0.95%,0.96%,0.98%,0.98%,1.03%,1.06%,1.23%,1.33%,1.36%,1.36%,1.36%,1.35%,1.35%,1.31%,1.33%,1.30%
1508,CHINA REINSURANCE (GROUP) CORPORATION,4.37%,4.38%,4.39%,4.41%,4.41%,4.44%,4.45%,4.45%,4.49%,4.53%,4.53%,4.53%,4.50%,4.46%,4.43%,4.43%,4.43%
1513,LIVZON PHARMACEUTICAL GROUP INC,6.98%,7.03%,7.11%,7.15%,7.15%,7.11%,7.08%,7.27%,7.30%,7.32%,7.32%,7.32%,7.26%,7.41%,7.26%,7.19%,7.17%
1515,CHINA RESOURCES PHOENIX HEALTHCARE HOLDINGS COMPANY LIMITED,1.34%,1.43%,1.51%,1.51%,1.51%,1.67%,1.85%,1.87%,2.18%,2.18%,2.18%,2.18%,2.03%,2.15%,2.18%,2.18%,2.21%
1528,RED STAR MACALLINE GROUP CORPORATION LTD,6.71%,6.64%,6.62%,6.61%,6.61%,6.53%,6.53%,6.50%,6.51%,6.47%,6.47%,6.47%,6.50%,6.54%,6.47%,6.48%,6.53%
1530,3SBIO INC,5.45%,5.56%,5.64%,5.66%,5.66%,5.72%,5.69%,5.75%,5.77%,5.78%,5.78%,5.78%,5.83%,5.85%,5.82%,5.77%,5.70%
1548,GENSCRIPT BIOTECH CORPORATION,3.59%,3.75%,3.82%,3.87%,3.87%,4.10%,4.18%,4.24%,4.20%,4.23%,4.23%,4.23%,4.22%,4.28%,4.34%,4.37%,4.42%
1551,GUANGZHOU RURAL COMMERCIAL BANK CO,0.00%,0.00%,0.00%,0.00%,0.00%,0.00%,0.00%,0.00%,0.01%,0.03%,0.03%,0.03%,0.04%,0.04%,0.04%,0.05%,0.05%
1569,MINSHENG EDUCATION GROUP COMPANY LIMITED,1.90%,1.94%,1.95%,2.06%,2.06%,2.10%,2.10%,2.14%,2.17%,2.19%,2.19%,2.19%,2.21%,2.23%,2.25%,2.21%,2.29%
1578,BANK OF TIANJIN CO,0.00%,0.00%,0.00%,0.00%,0.00%,0.00%,0.00%,0.00%,0.00%,0.00%,0.00%,0.00%,0.00%,0.00%,0.00%,0.00%,0.00%
1583,QINQIN FOODSTUFFS GROUP (CAYMAN) COMPANY LIMITED,0.01%,0.01%,0.01%,0.01%,0.01%,0.01%,0.01%,0.01%,0.01%,0.01%,0.01%,0.01%,0.01%,0.01%,0.01%,0.01%,0.01%
1585,YADEA GROUP HOLDINGS LTD,1.13%,1.15%,1.15%,1.16%,1.16%,1.20%,1.20%,1.23%,1.25%,1.28%,1.28%,1.28%,1.32%,1.36%,1.37%,1.39%,1.40%
1606,CHINA DEVELOPMENT BANK FINANCIAL LEASING CO,0.07%,0.07%,0.07%,0.07%,0.07%,0.06%,0.06%,0.06%,0.04%,0.02%,0.02%,0.02%,0.02%,0.02%,0.02%,0.02%,0.02%
1608,VPOWER GROUP INTERNATIONAL HOLDINGS LIMITED,0.10%,0.10%,0.10%,0.10%,0.10%,0.10%,0.10%,0.10%,0.10%,0.10%,0.10%,0.10%,0.10%,0.10%,0.10%,0.10%,0.09%
1610,COFCO MEAT HOLDINGS LIMITED,1.06%,1.07%,1.07%,1.08%,1.08%,1.07%,1.07%,1.11%,1.11%,1.08%,1.08%,1.08%,1.08%,1.09%,1.09%,1.10%,1.10%
1618,METALLURGICAL CORPORATION OF CHINA LTD,11.03%,11.03%,11.03%,11.06%,11.06%,11.07%,11.04%,11.08%,11.10%,11.17%,11.17%,11.17%,11.20%,11.29%,11.20%,11.17%,11.18%
1619,TIANHE CHEMICALS GROUP LIMITED,0.78%,0.78%,0.78%,0.78%,0.78%,0.78%,0.78%,0.78%,0.78%,0.78%,0.78%,0.78%,0.78%,0.78%,0.78%,0.78%,0.78%
1622,REDCO PROPERTIES GROUP LIMITED,0.21%,0.21%,0.21%,0.21%,0.21%,0.21%,0.21%,0.21%,0.21%,0.21%,0.21%,0.21%,0.21%,0.21%,0.25%,0.25%,0.25%
1628,YUZHOU PROPERTIES COMPANY LIMITED,0.74%,0.75%,0.74%,0.74%,0.74%,0.74%,0.75%,0.74%,0.74%,0.77%,0.77%,0.77%,0.78%,0.76%,0.78%,0.78%,0.78%
1635,SHANGHAI DAZHONG PUBLIC UTILITIES (GROUP) CO,9.60%,9.60%,9.59%,9.60%,9.60%,9.59%,9.59%,9.59%,9.59%,9.60%,9.60%,9.60%,9.60%,9.64%,9.64%,9.64%,9.65%
1636,CHINA METAL RESOURCES UTILIZATION LIMITED,1.65%,1.63%,1.57%,1.55%,1.55%,1.53%,1.50%,1.50%,1.50%,1.49%,1.49%,1.49%,1.48%,1.49%,1.46%,1.43%,1.41%
1638,KAISA GROUP HOLDINGS LTD,1.57%,1.53%,1.58%,1.57%,1.57%,1.59%,1.61%,1.63%,1.66%,1.71%,1.71%,1.71%,1.71%,1.69%,1.73%,1.83%,1.85%
1658,POSTAL SAVINGS BANK OF CHINA CO,0.45%,0.44%,0.43%,0.43%,0.43%,0.43%,0.43%,0.43%,0.43%,0.43%,0.43%,0.43%,0.43%,0.43%,0.44%,0.44%,0.44%
1661,WISDOM SPORTS GROUP,0.55%,0.55%,0.55%,0.55%,0.55%,0.55%,0.55%,0.55%,0.55%,0.55%,0.55%,0.55%,0.55%,0.55%,0.55%,0.55%,0.55%
1666,TONG REN TANG TECHNOLOGIES CO LTD,7.37%,7.44%,7.53%,7.46%,7.46%,7.50%,7.53%,7.55%,7.59%,7.63%,7.63%,7.63%,7.67%,7.73%,7.81%,7.84%,7.82%
1668,CHINA SOUTH CITY HOLDINGS LIMITED,9.84%,9.89%,9.86%,9.82%,9.82%,9.87%,9.83%,9.88%,9.89%,9.90%,9.90%,9.90%,10.03%,10.21%,10.22%,10.25%,10.27%
1680,MACAU LEGEND DEVELOPMENT LIMITED,3.99%,3.98%,4.00%,4.00%,4.00%,4.00%,4.00%,4.00%,4.00%,3.99%,3.99%,3.99%,3.99%,3.99%,3.96%,3.96%,3.96%
1685,BOER POWER HOLDINGS LIMITED,0.42%,0.42%,0.42%,0.42%,0.42%,0.42%,0.42%,0.42%,0.42%,0.42%,0.42%,0.42%,0.42%,0.42%,0.42%,0.42%,0.42%
1728,CHINA ZHENGTONG AUTO SERVICES HOLDINGS LIMITED,4.86%,4.84%,4.73%,4.76%,4.76%,4.76%,4.77%,4.75%,4.71%,4.59%,4.59%,4.59%,4.58%,4.55%,4.62%,4.60%,4.60%
1766,CRRC CORPORATION LIMITED,9.51%,9.50%,9.46%,9.37%,9.37%,9.38%,9.31%,9.29%,9.36%,9.36%,9.36%,9.36%,9.45%,9.44%,9.25%,9.14%,9.11%
1776,GF SECURITIES CO,2.76%,2.76%,2.76%,2.75%,2.75%,2.75%,2.73%,2.64%,2.67%,2.67%,2.67%,2.67%,2.67%,2.66%,2.79%,2.79%,2.80%
1777,FANTASIA HOLDINGS GROUP CO,0.78%,0.79%,0.78%,0.78%,0.78%,0.78%,0.77%,0.78%,0.78%,0.79%,0.79%,0.79%,0.79%,0.80%,0.79%,0.77%,0.77%
1778,COLOUR LIFE SERVICES GROUP CO,7.10%,7.11%,7.12%,7.15%,7.15%,7.18%,7.16%,7.18%,7.26%,7.27%,7.27%,7.27%,7.39%,7.53%,7.57%,7.61%,7.59%
1788,GUOTAI JUNAN INTERNATIONAL HOLDINGS LIMITED,2.34%,2.58%,2.58%,2.61%,2.61%,2.62%,2.63%,2.65%,2.67%,2.69%,2.69%,2.69%,2.69%,2.64%,2.62%,2.61%,2.59%
1800,CHINA COMMUNICATIONS CONSTRUCTION COMPANY LIMITED,3.12%,3.10%,3.11%,3.11%,3.11%,3.12%,3.12%,3.13%,3.13%,3.12%,3.12%,3.12%,3.14%,3.13%,3.10%,3.10%,3.12%
1811,CGN NEW ENERGY HOLDINGS CO,2.94%,2.92%,2.96%,2.97%,2.97%,3.07%,3.10%,3.05%,3.10%,3.10%,3.10%,3.10%,3.14%,3.17%,3.18%,3.19%,3.21%
1812,SHANDONG CHENMING PAPER HOLDINGS LIMITED,12.32%,12.19%,12.29%,12.28%,12.28%,12.44%,12.39%,12.51%,12.31%,12.35%,12.35%,12.35%,12.49%,12.61%,12.72%,12.80%,12.67%
1813,KWG PROPERTY HOLDING LIMITED,4.41%,4.38%,4.41%,4.39%,4.39%,4.39%,4.40%,4.39%,4.39%,4.41%,4.41%,4.41%,4.41%,4.37%,4.37%,4.35%,4.35%
1816,CGN POWER CO,9.28%,9.39%,9.52%,9.52%,9.52%,9.59%,9.76%,10.07%,10.15%,10.39%,10.39%,10.39%,10.59%,10.67%,10.73%,10.77%,10.82%
1818,ZHAOJIN MINING INDUSTRY COMPANY LIMITED,1.96%,1.94%,1.91%,1.88%,1.88%,1.91%,1.94%,1.92%,1.97%,1.99%,1.99%,1.99%,1.97%,1.89%,1.87%,1.84%,1.83%
1828,DAH CHONG HONG HOLDINGS LIMITED,1.24%,1.21%,1.21%,1.19%,1.19%,1.19%,1.18%,1.17%,1.17%,1.16%,1.16%,1.16%,1.15%,1.15%,1.15%,1.15%,1.15%
1829,CHINA MACHINERY ENGINEERING CORPORATION,0.08%,0.08%,0.08%,0.08%,0.08%,0.08%,0.08%,0.08%,0.08%,0.08%,0.08%,0.08%,0.08%,0.08%,0.08%,0.08%,0.08%
1836,STELLA INTERNATIONAL HOLDINGS LIMITED,0.00%,0.00%,0.00%,0.00%,0.00%,0.00%,0.00%,0.00%,0.00%,0.00%,0.00%,0.00%,0.00%,0.00%,0.00%,0.00%,0.00%
1848,CHINA AIRCRAFT LEASING GROUP HOLDINGS LIMITED,2.13%,2.12%,2.11%,2.11%,2.11%,2.11%,2.11%,2.10%,2.13%,2.15%,2.15%,2.15%,2.19%,2.24%,2.26%,2.27%,2.28%
1882,HAITIAN INTERNATIONAL HOLDINGS LIMITED,0.46%,0.43%,0.44%,0.44%,0.44%,0.43%,0.46%,0.46%,0.46%,0.47%,0.47%,0.47%,0.47%,0.47%,0.47%,0.47%,0.47%
1883,CITIC TELECOM INTERNATIONAL HOLDINGS LIMITED,0.80%,0.79%,0.79%,0.79%,0.79%,0.79%,0.80%,0.81%,0.82%,0.82%,0.82%,0.82%,0.83%,0.85%,0.86%,0.86%,0.86%
1886,CHINA HUIYUAN JUICE GROUP LIMITED,2.94%,2.96%,2.97%,2.96%,2.96%,2.96%,3.00%,3.04%,3.08%,3.07%,3.07%,3.07%,3.07%,3.10%,3.11%,3.24%,3.26%
1888,KINGBOARD LAMINATES HOLDINGS LIMITED,0.39%,0.39%,0.38%,0.38%,0.38%,0.38%,0.39%,0.37%,0.35%,0.35%,0.35%,0.35%,0.35%,0.36%,0.36%,0.35%,0.36%
1898,CHINA COAL ENERGY COMPANY LIMITED,6.23%,6.20%,6.32%,6.39%,6.39%,6.39%,6.45%,6.46%,6.50%,6.51%,6.51%,6.51%,6.55%,6.58%,6.57%,6.57%,6.67%
1918,SUNAC CHINA HOLDINGS LIMITED,24.00%,24.04%,24.06%,24.08%,24.08%,24.05%,24.01%,24.04%,24.07%,24.05%,24.05%,24.05%,23.99%,24.06%,24.17%,24.13%,24.10%
1919,COSCO SHIPPING HOLDINGS CO,9.14%,9.24%,9.41%,9.43%,9.43%,9.49%,9.48%,9.53%,9.57%,9.60%,9.60%,9.60%,9.74%,10.13%,10.31%,10.32%,10.34%
1928,SANDS CHINA LTD,0.32%,0.32%,0.32%,0.32%,0.32%,0.32%,0.33%,0.32%,0.32%,0.33%,0.33%,0.33%,0.35%,0.36%,0.36%,0.36%,0.41%
1929,CHOW TAI FOOK JEWELLERY GROUP LIMITED,0.12%,0.12%,0.12%,0.12%,0.12%,0.12%,0.12%,0.12%,0.12%,0.12%,0.12%,0.12%,0.11%,0.11%,0.11%,0.11%,0.11%
1958,BAIC MOTOR CORPORATION LIMITED,10.27%,9.94%,9.37%,9.20%,9.20%,9.16%,9.19%,8.61%,8.55%,8.49%,8.49%,8.49%,8.73%,8.63%,8.53%,8.54%,8.52%
1963,BANK OF CHONGQING CO,2.59%,2.63%,2.68%,2.69%,2.69%,2.70%,2.68%,2.70%,2.72%,2.70%,2.70%,2.70%,2.74%,2.73%,2.72%,2.73%,2.78%
1966,CHINA SCE PROPERTY HOLDINGS LIMITED,2.26%,2.39%,2.39%,2.42%,2.42%,2.39%,2.39%,2.39%,2.38%,2.43%,2.43%,2.43%,2.42%,2.44%,2.43%,2.40%,2.35%
1970,IMAX CHINA HOLDING,1.08%,1.21%,1.16%,1.17%,1.17%,1.16%,1.17%,1.17%,1.18%,1.21%,1.21%,1.21%,1.30%,1.31%,1.32%,1.30%,1.29%
1972,SWIRE PROPERTIES LIMITED,0.03%,0.03%,0.03%,0.03%,0.03%,0.03%,0.03%,0.03%,0.03%,0.03%,0.03%,0.03%,0.03%,0.03%,0.03%,0.03%,0.03%
1980,TIAN GE INTERACTIVE HOLDINGS LIMITED,3.19%,3.23%,3.44%,3.48%,3.48%,3.51%,3.63%,3.68%,3.69%,3.76%,3.76%,3.76%,3.74%,3.73%,3.07%,3.29%,3.15%
1988,CHINA MINSHENG BANKING CORP,8.24%,8.26%,8.26%,8.29%,8.29%,8.26%,8.27%,8.35%,8.41%,8.45%,8.45%,8.45%,8.50%,8.51%,8.53%,8.58%,8.61%
1999,MAN WAH HOLDINGS LIMITED,5.56%,5.59%,5.59%,5.59%,5.59%,5.61%,5.64%,5.64%,6.08%,6.57%,6.57%,6.57%,6.74%,6.87%,6.94%,7.02%,7.12%
2005,SSY GROUP LIMITED,4.63%,4.62%,4.62%,4.62%,4.62%,4.69%,4.75%,4.75%,4.75%,4.75%,4.75%,4.75%,4.75%,4.76%,4.76%,4.76%,4.76%
2007,COUNTRY GARDEN HOLDINGS COMPANY LIMITED,1.07%,1.07%,1.07%,1.07%,1.07%,1.08%,1.08%,1.08%,1.08%,1.11%,1.11%,1.11%,1.11%,1.14%,1.16%,1.17%,1.18%
2008,PHOENIX SATELLITE TELEVISION HOLDINGS LIMITED,4.79%,4.79%,4.78%,4.78%,4.78%,4.77%,4.77%,4.77%,4.77%,4.77%,4.77%,4.77%,4.77%,4.77%,4.77%,4.77%,4.77%
2009,BBMG CORPORATION,11.13%,11.10%,11.11%,10.50%,10.50%,10.40%,10.09%,9.89%,9.88%,9.88%,9.88%,9.88%,9.90%,9.90%,9.74%,9.75%,9.75%
2016,CHINA ZHESHANG BANK CO,0.00%,0.00%,0.00%,0.00%,0.00%,0.00%,0.00%,0.00%,0.00%,0.00%,0.00%,0.00%,0.00%,0.00%,0.00%,0.00%,0.00%
2018,AAC TECHNOLOGIES HOLDINGS INC,3.16%,3.17%,3.13%,3.16%,3.16%,3.21%,3.21%,3.22%,3.22%,3.23%,3.23%,3.23%,3.25%,3.29%,3.30%,3.29%,3.36%
2020,ANTA SPORTS PRODUCTS LIMITED,1.73%,1.73%,1.74%,1.74%,1.74%,1.76%,1.76%,1.78%,1.84%,1.85%,1.85%,1.85%,1.85%,1.85%,1.85%,1.84%,1.84%
2038,FIH MOBILE LIMITED,0.49%,0.48%,0.48%,0.50%,0.50%,0.50%,0.50%,0.51%,0.51%,0.50%,0.50%,0.50%,0.50%,0.50%,0.50%,0.50%,0.48%
2039,CHINA INTERNATIONAL MARINE CONTAINERS (GROUP) CO,0.97%,0.96%,0.97%,0.98%,0.98%,0.97%,0.97%,0.97%,0.97%,0.97%,0.97%,0.97%,0.95%,0.94%,0.95%,0.95%,0.93%
2066,SHENGJING BANK CO,0.10%,0.10%,0.10%,0.10%,0.10%,0.10%,0.10%,0.10%,0.10%,0.10%,0.10%,0.10%,0.10%,0.10%,0.10%,0.10%,0.10%
2098,ZALL GROUP LTD,2.01%,2.01%,2.01%,2.01%,2.01%,2.01%,2.01%,2.01%,2.01%,2.01%,2.01%,2.01%,2.01%,2.01%,2.01%,2.01%,2.01%
2111,BEST PACIFIC INTERNATIONAL HOLDINGS LIMITED,0.28%,0.28%,0.28%,0.29%,0.29%,0.29%,0.28%,0.28%,0.28%,0.28%,0.28%,0.28%,0.27%,0.27%,0.27%,0.26%,0.26%
2128,CHINA LESSO GROUP HOLDINGS LIMITED,1.01%,1.01%,1.01%,0.99%,0.99%,0.99%,1.00%,1.01%,1.01%,1.02%,1.02%,1.02%,1.03%,1.04%,1.05%,1.05%,1.05%
2136,LIFESTYLE CHINA GROUP LIMITED,0.03%,0.03%,0.03%,0.03%,0.03%,0.03%,0.03%,0.03%,0.03%,0.03%,0.03%,0.03%,0.03%,0.03%,0.03%,0.03%,0.03%
2186,LUYE PHARMA GROUP LTD,12.14%,12.16%,12.16%,12.26%,12.26%,12.58%,12.66%,12.85%,12.87%,12.93%,12.93%,12.93%,13.05%,13.09%,13.11%,13.11%,13.01%
2196,SHANGHAI FOSUN PHARMACEUTICAL (GROUP) CO,14.28%,14.30%,14.31%,14.37%,14.37%,14.35%,14.37%,14.37%,14.59%,14.77%,14.77%,14.77%,14.81%,14.83%,14.80%,14.78%,14.73%
2199,REGINA MIRACLE INTERNATIONAL (HOLDINGS) LIMITED,0.61%,0.61%,0.60%,0.60%,0.60%,0.61%,0.61%,0.61%,0.62%,0.62%,0.62%,0.62%,0.62%,0.62%,0.62%,0.62%,0.62%
2202,CHINA VANKE CO,5.88%,5.86%,5.86%,5.89%,5.89%,5.92%,5.93%,5.94%,5.97%,6.02%,6.02%,6.02%,6.08%,6.05%,6.12%,6.16%,6.16%
2208,XINJIANG GOLDWIND SCIENCE & TECHNOLOGY CO,21.71%,21.83%,22.05%,22.80%,22.80%,22.97%,23.03%,23.19%,23.78%,23.89%,23.89%,23.89%,23.49%,23.94%,24.32%,24.65%,25.06%
2233,WEST CHINA CEMENT LIMITED,0.40%,0.39%,0.39%,0.39%,0.39%,0.39%,0.39%,0.34%,0.34%,0.34%,0.34%,0.34%,0.33%,0.33%,0.33%,0.33%,0.33%
2238,GUANGZHOU AUTOMOBILE GROUP CO,22.52%,22.48%,22.42%,22.30%,22.30%,22.33%,22.29%,22.45%,22.51%,22.47%,22.47%,22.47%,22.33%,22.28%,22.29%,22.08%,22.19%
2255,HAICHANG OCEAN PARK HOLDINGS LTD,0.47%,0.47%,0.47%,0.46%,0.46%,0.47%,0.47%,0.47%,0.48%,0.48%,0.48%,0.48%,0.48%,0.48%,0.48%,0.48%,0.48%
2269,WUXI BIOLOGICS (CAYMAN) INC,0.07%,0.07%,0.07%,0.08%,0.08%,0.08%,0.08%,0.09%,0.08%,0.11%,0.11%,0.11%,0.10%,0.10%,0.11%,0.14%,0.14%
2280,HC INTERNATIONAL,0.83%,0.86%,0.92%,0.98%,0.98%
2280,HC INTERNATIONAL,0.95%,0.95%,0.91%,0.90%,0.90%,0.90%,0.91%,0.93%,0.93%,0.94%,0.95%
2282,MGM CHINA HOLDINGS LIMITED,0.78%,0.78%,0.78%,0.78%,0.78%,0.78%,0.78%,0.78%,0.78%,0.77%,0.77%,0.77%,0.77%,0.77%,0.76%,0.77%,0.77%
2298,COSMO LADY (CHINA) HOLDINGS COMPANY LIMITED,1.87%,1.84%,1.79%,1.79%,1.79%,1.78%,1.78%,1.78%,1.78%,1.77%,1.77%,1.77%,1.77%,1.77%,1.76%,1.79%,1.81%
2313,SHENZHOU INTERNATIONAL GROUP HOLDINGS LIMITED,1.88%,1.93%,1.88%,1.88%,1.88%,1.89%,1.91%,1.91%,1.91%,1.92%,1.92%,1.92%,1.92%,1.93%,1.93%,1.90%,1.88%
2314,LEE & MAN PAPER MANUFACTURING LIMITED,0.89%,0.91%,0.91%,0.90%,0.90%,0.99%,1.06%,1.02%,1.02%,1.01%,1.01%,1.01%,1.01%,1.00%,1.00%,1.00%,0.99%
2318,PING AN INSURANCE (GROUP) COMPANY OF CHINA,1.87%,1.88%,1.93%,1.98%,1.98%,2.05%,2.04%,2.07%,2.10%,2.12%,2.12%,2.12%,2.18%,2.26%,2.33%,2.34%,2.35%
2319,CHINA MENGNIU DAIRY COMPANY LIMITED,1.31%,1.32%,1.34%,1.41%,1.41%,1.45%,1.57%,1.61%,1.62%,1.63%,1.63%,1.63%,1.63%,1.63%,1.64%,1.66%,1.66%
2326,BEP INTERNATIONAL HOLDINGS LIMITED,0.31%,0.31%,0.31%,0.31%,0.31%,0.31%,0.31%,0.31%,0.31%,0.31%,0.31%,0.31%,0.31%,0.31%,0.31%,0.31%,0.31%
2328,PICC PROPERTY AND CASUALTY COMPANY LIMITED,7.85%,7.99%,7.91%,8.01%,8.01%,8.05%,8.01%,8.08%,8.05%,8.07%,8.07%,8.07%,8.10%,8.13%,8.08%,7.96%,7.53%
2329,GUORUI PROPERTIES LIMITED,2.94%,2.96%,2.97%,2.99%,2.99%,3.00%,3.04%,3.06%,3.06%,3.06%,3.06%,3.06%,3.07%,3.07%,3.07%,3.07%,3.07%
2331,LI NING COMPANY LIMITED,0.63%,0.62%,0.63%,0.62%,0.62%,0.63%,0.63%,0.59%,0.60%,0.66%,0.66%,0.66%,0.66%,0.58%,0.58%,0.58%,0.58%
2333,GREAT WALL MOTOR COMPANY LIMITED,25.52%,25.46%,25.41%,25.41%,25.41%,25.36%,25.26%,25.29%,25.41%,25.46%,25.46%,25.46%,25.62%,25.95%,26.30%,26.30%,26.36%
2338,WEICHAI POWER CO,0.56%,0.56%,0.56%,0.53%,0.53%,0.54%,0.55%,0.47%,0.44%,0.44%,0.44%,0.44%,0.45%,0.45%,0.46%,0.44%,0.44%
2343,PACIFIC BASIN SHIPPING LIMITED,0.75%,0.74%,0.82%,0.82%,0.82%,0.82%,0.83%,0.83%,0.82%,0.82%,0.82%,0.82%,0.82%,0.82%,0.84%,0.84%,0.86%
2356,DAH SING BANKING GROUP LIMITED,0.06%,0.06%,0.06%,0.06%,0.06%,0.06%,0.06%,0.06%,0.06%,0.06%,0.06%,0.06%,0.06%,0.06%,0.06%,0.06%,0.06%
2357,AVICHINA INDUSTRY & TECHNOLOGY COMPANY LIMITED,8.67%,8.76%,8.84%,8.88%,8.88%,8.58%,8.58%,8.44%,8.42%,7.97%,7.97%,7.97%,7.62%,7.61%,7.59%,7.63%,7.50%
2369,COOLPAD GROUP LIMITED,2.14%,2.14%,2.14%,2.14%,2.14%,2.14%,2.14%,2.14%,2.14%,2.14%,2.14%,2.14%,2.14%,2.14%,2.14%,2.14%,2.14%
2380,CHINA POWER INTERNATIONAL DEVELOPMENT LIMITED,7.27%,7.28%,7.31%,7.33%,7.33%,7.27%,7.29%,7.29%,7.30%,7.34%,7.34%,7.34%,7.37%,7.35%,7.32%,7.34%,7.34%
2382,SUNNY OPTICAL TECHNOLOGY (GROUP) COMPANY LIMITED,3.44%,3.44%,3.36%,3.46%,3.46%,3.55%,3.67%,3.70%,3.66%,3.68%,3.68%,3.68%,3.69%,3.72%,3.74%,3.74%,3.88%
2386,SINOPEC ENGINEERING (GROUP) CO,0.90%,0.92%,0.93%,0.95%,0.95%,1.00%,1.01%,1.01%,1.01%,1.01%,1.01%,1.01%,1.02%,1.02%,1.01%,1.01%,1.00%
2388,BOC HONG KONG (HOLDINGS) LIMITED,0.28%,0.28%,0.28%,0.27%,0.27%,0.27%,0.27%,0.26%,0.25%,0.25%,0.25%,0.25%,0.25%,0.23%,0.23%,0.23%,0.23%
2588,BOC AVIATION LIMITED,2.90%,2.90%,2.90%,2.90%,2.90%,2.90%,2.90%,2.98%,2.98%,2.98%,2.98%,2.98%,2.98%,2.98%,2.98%,2.98%,2.99%
2600,ALUMINUM CORPORATION OF CHINA LIMITED,9.66%,9.06%,8.95%,8.67%,8.67%,8.63%,8.50%,8.38%,8.39%,8.41%,8.41%,8.41%,8.43%,8.08%,7.71%,7.49%,7.30%
2601,CHINA PACIFIC INSURANCE (GROUP) CO,6.92%,6.97%,6.97%,7.12%,7.12%,7.19%,7.27%,7.42%,7.50%,7.55%,7.55%,7.55%,7.61%,7.67%,7.85%,7.92%,7.97%
2607,SHANGHAI PHARMACEUTICALS HOLDING CO,9.07%,9.11%,9.22%,9.26%,9.26%,9.38%,9.52%,9.53%,9.74%,9.82%,9.82%,9.82%,10.01%,10.08%,10.11%,10.02%,10.09%
2611,GUOTAI JUNAN SECURITIES CO,3.30%,3.27%,3.26%,3.26%,3.26%,3.23%,3.22%,3.22%,3.22%,3.22%,3.22%,3.22%,3.26%,3.26%,3.23%,3.23%,3.23%
2628,CHINA LIFE INSURANCE COMPANY LIMITED,1.62%,1.61%,1.68%,1.68%,1.68%,1.68%,1.68%,1.68%,1.68%,1.66%,1.66%,1.66%,1.67%,1.68%,1.74%,1.75%,1.77%
2666,UNIVERSAL MEDICAL FINANCIAL & TECHNICAL ADVISORY SERVICES COMPANY LIMITED,6.43%,6.35%,6.49%,6.60%,6.60%,6.87%,6.97%,8.07%,8.37%,8.40%,8.40%,8.40%,9.20%,9.63%,9.93%,10.50%,10.48%
2669,CHINA OVERSEAS PROPERTY HOLDINGS LIMITED,0.00%,0.00%,0.00%,0.00%,0.00%,0.00%,0.00%,0.00%,0.00%,0.00%,0.00%,0.00%,0.00%,0.00%,0.00%,0.00%,0.00%
2678,TEXHONG TEXTILE GROUP LIMITED,0.72%,0.70%,0.70%,0.70%,0.70%,0.68%,0.68%,0.67%,0.67%,0.66%,0.66%,0.66%,0.66%,0.66%,0.66%,0.66%,0.66%
2688,ENN ENERGY HOLDINGS LIMITED,0.23%,0.24%,0.24%,0.24%,0.24%,0.24%,0.24%,0.24%,0.24%,0.24%,0.24%,0.24%,0.23%,0.22%,0.23%,0.24%,0.23%
2689,NINE DRAGONS PAPER (HOLDINGS) LIMITED,1.66%,1.68%,1.68%,1.73%,1.73%,1.61%,1.64%,1.71%,1.77%,1.81%,1.81%,1.81%,1.83%,1.82%,1.75%,1.78%,1.81%
2727,SHANGHAI ELECTRIC GROUP COMPANY LIMITED,20.83%,20.78%,20.64%,20.66%,20.66%,20.72%,20.70%,20.63%,20.62%,20.62%,20.62%,20.62%,20.74%,20.78%,20.78%,20.71%,21.06%
2768,JIAYUAN INTERNATIONAL GROUP LIMITED,0.37%,0.40%,0.42%,0.42%,0.42%,0.42%,0.42%,0.43%,0.43%,0.43%,0.43%,0.43%,0.43%,0.43%,0.43%,0.45%,0.46%
2777,GUANGZHOU R&F PROPERTIES CO,6.17%,6.17%,6.16%,6.17%,6.17%,6.17%,6.15%,6.12%,6.12%,6.13%,6.13%,6.13%,6.13%,6.07%,6.01%,6.03%,6.17%
2799,CHINA HUARONG ASSET MANAGEMENT CO,1.22%,1.28%,1.31%,1.34%,1.34%,1.39%,1.39%,1.42%,1.44%,1.44%,1.44%,1.44%,1.45%,1.42%,1.46%,1.47%,1.47%
2866,COSCO SHIPPING DEVELOPMENT CO,12.92%,12.85%,12.92%,12.94%,12.94%,12.97%,13.08%,13.16%,13.15%,13.20%,13.20%,13.20%,13.21%,13.22%,13.32%,13.27%,13.29%
2869,GREENTOWN SERVICE GROUP CO,7.74%,7.76%,7.73%,7.82%,7.82%,7.81%,7.84%,7.85%,7.89%,7.87%,7.87%,7.87%,7.89%,7.92%,7.92%,7.94%,7.98%
2877,CHINA SHINEWAY PHARMACEUTICAL GROUP LIMITED,3.33%,3.33%,3.34%,3.34%,3.34%,3.35%,3.36%,3.36%,3.40%,3.53%,3.53%,3.53%,3.60%,3.61%,3.60%,3.62%,3.61%
2880,DALIAN PORT (PDA) COMPANY LIMITED,22.00%,22.01%,22.01%,21.99%,21.99%,22.00%,22.05%,22.05%,22.05%,22.06%,22.06%,22.06%,22.07%,22.07%,22.06%,22.04%,22.05%
2883,CHINA OILFIELD SERVICES LIMITED,8.71%,8.71%,8.68%,8.65%,8.65%,8.60%,8.57%,8.50%,8.51%,8.55%,8.55%,8.55%,8.54%,8.59%,8.58%,8.58%,8.59%
2888,STANDARD CHARTERED PLC,0.02%,0.02%,0.02%,0.03%,0.03%,0.02%,0.02%,0.02%,0.02%,0.02%,0.02%,0.02%,0.02%,0.02%,0.02%,0.02%,0.02%
2899,ZIJIN MINING GROUP CO,21.86%,22.08%,21.98%,21.91%,21.91%,21.91%,21.91%,22.01%,22.06%,22.09%,22.09%,22.09%,21.99%,21.52%,21.30%,21.23%,20.81%
3301,RONSHINE CHINA HOLDINGS LIMITED,0.94%,0.96%,0.96%,1.00%,1.00%,1.02%,1.02%,1.03%,1.06%,1.07%,1.07%,1.07%,1.07%,1.10%,1.12%,1.17%,1.21%
3308,GOLDEN EAGLE RETAIL GROUP LIMITED,7.38%,7.37%,7.37%,7.37%,7.37%,7.37%,7.37%,7.37%,7.37%,7.37%,7.37%,7.37%,7.37%,7.37%,7.37%,7.37%,7.37%
3311,CHINA STATE CONSTRUCTION INTERNATIONAL HOLDINGS LIMITED,0.33%,0.33%,0.34%,0.33%,0.33%,0.33%,0.33%,0.34%,0.36%,0.36%,0.36%,0.36%,0.36%,0.36%,0.38%,0.39%,0.39%
3320,CHINA RESOURCES PHARMACEUTICAL GROUP LIMITED,1.31%,1.32%,1.32%,1.32%,1.32%,1.33%,1.33%,1.34%,1.35%,1.36%,1.36%,1.36%,1.37%,1.37%,1.38%,1.39%,1.39%
3323,CHINA NATIONAL BUILDING MATERIAL COMPANY LIMITED,11.42%,11.69%,11.76%,11.73%,11.73%,12.09%,11.98%,11.95%,11.79%,11.81%,11.81%,11.81%,11.87%,11.92%,11.91%,11.68%,11.25%
3328,BANK OF COMMUNICATIONS CO,1.99%,1.96%,1.96%,1.99%,1.99%,2.02%,2.02%,2.03%,2.03%,2.03%,2.03%,2.03%,2.04%,2.06%,2.08%,2.10%,2.12%
3329,BOCOM INTERNATIONAL HOLDINGS COMPANY LIMITED,0.06%,0.05%,0.05%,0.05%,0.05%,0.04%,0.04%,0.03%,0.03%,0.03%,0.03%,0.03%,0.02%,0.02%,0.02%,0.02%,0.02%
3331,VINDA INTERNATIONAL HOLDINGS LIMITED,0.09%,0.09%,0.09%,0.09%,0.09%,0.08%,0.08%,0.08%,0.08%,0.08%,0.08%,0.08%,0.08%,0.08%,0.08%,0.08%,0.08%
3333,CHINA EVERGRANDE GROUP,1.95%,1.95%,1.91%,1.89%,1.89%,1.88%,1.88%,1.88%,1.90%,1.89%,1.89%,1.89%,1.90%,1.89%,1.90%,1.90%,1.90%
3339,LONKING HOLDINGS LIMITED,0.15%,0.15%,0.15%,0.15%,0.15%,0.15%,0.15%,0.15%,0.15%,0.15%,0.15%,0.15%,0.15%,0.15%,0.15%,0.15%,0.14%
3360,FAR EAST HORIZON LIMITED,1.08%,1.09%,1.09%,1.09%,1.09%,1.09%,1.09%,1.11%,1.11%,1.09%,1.09%,1.09%,1.10%,1.11%,1.11%,1.11%,1.11%
3368,PARKSON RETAIL GROUP LIMITED,0.24%,0.24%,0.24%,0.24%,0.24%,0.24%,0.24%,0.24%,0.24%,0.24%,0.24%,0.24%,0.24%,0.24%,0.24%,0.24%,0.24%
3369,QINHUANGDAO PORT CO,2.69%,2.89%,2.90%,2.90%,2.90%,2.95%,2.98%,2.99%,3.03%,3.08%,3.08%,3.08%,3.09%,3.18%,3.31%,3.34%,3.33%
3377,SINO-OCEAN GROUP HOLDING LIMITED,1.46%,1.46%,1.46%,1.45%,1.45%,1.46%,1.46%,1.46%,1.45%,1.45%,1.45%,1.45%,1.44%,1.43%,1.43%,1.42%,1.41%
3380,LOGAN PROPERTY HOLDINGS COMPANY LIMITED,2.65%,2.65%,2.67%,2.67%,2.67%,2.66%,2.68%,2.70%,2.69%,2.70%,2.70%,2.70%,2.72%,2.76%,2.78%,2.75%,2.75%
3382,TIANJIN PORT DEVELOPMENT HOLDINGS LIMITED,0.81%,0.82%,0.83%,0.79%,0.79%,0.82%,0.82%,0.84%,0.82%,0.84%,0.84%,0.84%,0.86%,0.90%,0.92%,0.95%,0.96%
3383,AGILE GROUP HOLDINGS LIMITED,2.06%,2.04%,2.02%,2.00%,2.00%,2.00%,1.96%,1.94%,1.92%,1.93%,1.93%,1.93%,1.93%,1.93%,1.93%,1.92%,1.91%
3389,HENGDELI HOLDINGS LIMITED,0.02%,0.02%,0.02%,0.02%,0.02%,0.02%,0.02%,0.02%,0.02%,0.02%,0.02%,0.02%,0.02%,0.02%,0.02%,0.02%,0.02%
3393,WASION GROUP HOLDINGS LIMITED,0.23%,0.23%,0.23%,0.23%,0.23%,0.23%,0.23%,0.23%,0.23%,0.23%,0.23%,0.23%,0.23%,0.23%,0.23%,0.23%,0.23%
3396,LEGEND HOLDINGS CORPORATION,9.30%,9.27%,9.26%,9.31%,9.31%,9.24%,9.25%,9.25%,9.43%,9.47%,9.47%,9.47%,9.51%,9.64%,9.75%,9.83%,10.09%
3606,FUYAO GLASS INDUSTRY GROUP CO,3.23%,3.34%,3.35%,3.39%,3.39%,3.45%,3.43%,3.41%,3.40%,3.41%,3.41%,3.41%,3.36%,3.34%,3.36%,3.36%,3.42%
3618,CHONGQING RURAL COMMERCIAL BANK CO,7.69%,7.72%,7.83%,7.87%,7.87%,8.04%,8.15%,8.30%,8.50%,8.54%,8.54%,8.54%,8.67%,8.91%,8.95%,9.09%,9.07%
3698,HUISHANG BANK CORPORATION LIMITED,0.34%,0.34%,0.34%,0.34%,0.34%,0.34%,0.35%,0.34%,0.34%,0.33%,0.33%,0.33%,0.32%,0.31%,0.31%,0.32%,0.31%
3788,CHINA HANKING HOLDINGS LIMITED,1.04%,1.04%,1.04%,1.04%,1.04%,1.04%,1.03%,1.03%,1.03%,1.03%,1.03%,1.03%,1.03%,1.03%,1.03%,1.03%,1.02%
3799,DALI FOODS GROUP COMPANY LIMITED,2.63%,2.61%,2.60%,2.59%,2.59%,2.60%,2.59%,2.59%,2.58%,2.57%,2.57%,2.57%,2.58%,2.60%,2.60%,2.55%,2.53%
3800,GCL-POLY ENERGY HOLDINGS LIMITED,6.53%,6.65%,6.59%,6.58%,6.58%,6.41%,6.29%,6.36%,6.50%,6.55%,6.55%,6.55%,6.58%,6.63%,6.69%,6.59%,6.44%
3808,SINOTRUK (HONG KONG) LIMITED,2.14%,2.12%,2.11%,2.10%,2.10%,2.09%,2.08%,2.06%,2.06%,2.01%,2.01%,2.01%,2.01%,1.89%,1.88%,1.83%,1.77%
3813,POU SHENG INTERNATIONAL (HOLDINGS) LIMITED,0.37%,0.37%,0.37%,0.36%,0.36%,0.36%,0.36%,0.36%,0.36%,0.37%,0.37%,0.37%,0.36%,0.36%,0.36%,0.36%,0.37%
3818,CHINA DONGXIANG (GROUP) CO,1.21%,1.22%,1.22%,1.22%,1.22%,1.25%,1.26%,1.24%,1.23%,1.23%,1.23%,1.23%,1.19%,1.16%,1.16%,1.16%,1.17%
3823,TECH PRO TECHNOLOGY DEVELOPMENT LIMITED,30.53%,30.53%,30.52%,30.52%,30.52%,30.51%,30.50%,30.43%,30.43%,30.41%,30.41%,30.41%,30.41%,30.41%,30.37%,30.30%,30.29%
3836,CHINA HARMONY NEW ENERGY AUTO HOLDING LIMITED,2.99%,2.98%,3.01%,3.05%,3.05%,3.08%,3.06%,3.02%,3.03%,3.02%,3.02%,3.02%,3.00%,2.85%,2.82%,2.83%,2.82%
3883,CHINA AOYUAN PROPERTY GROUP LIMTIED,6.48%,6.74%,6.90%,7.05%,7.05%,7.16%,7.24%,7.26%,7.31%,7.30%,7.30%,7.30%,7.30%,7.29%,7.55%,7.56%,7.83%
3886,TOWN HEALTH INTERNATIONAL MEDICAL GROUP LIMITED,1.79%,1.90%,1.91%,1.90%,1.90%,1.89%,1.88%,1.88%,1.89%,1.84%,1.84%,1.84%,1.86%,1.87%,1.88%,1.89%,1.88%
3888,KINGSOFT CORPORATION LIMITED,5.05%,5.02%,5.03%,5.06%,5.06%,5.10%,5.25%,5.29%,5.33%,5.32%,5.32%,5.32%,5.29%,5.26%,5.24%,5.17%,5.31%
3898,ZHUZHOU CRRC TIMES ELECTRIC CO,9.24%,9.23%,9.25%,9.24%,9.24%,9.19%,9.18%,9.17%,9.19%,9.29%,9.29%,9.29%,9.34%,9.36%,9.36%,9.35%,9.37%
3899,CIMC ENRIC HOLDINGS LIMITED,5.59%,5.63%,5.62%,5.65%,5.65%,5.68%,5.68%,5.57%,5.50%,5.49%,5.49%,5.49%,5.50%,5.51%,5.50%,5.49%,5.56%
3900,GREENTOWN CHINA HOLDINGS LIMITED,11.45%,11.56%,11.66%,11.63%,11.63%,11.67%,11.68%,11.71%,11.76%,11.78%,11.78%,11.78%,11.80%,11.89%,11.96%,11.97%,11.90%
3908,CHINA INTERNATIONAL CAPITAL CORPORATION LIMITED,8.60%,8.59%,8.54%,8.51%,8.51%,8.55%,8.49%,8.53%,8.56%,8.58%,8.58%,8.58%,8.58%,8.62%,8.70%,8.73%,8.80%
3933,UNITED LABORATORIES INTERNATIONAL HOLDINGS LIMITED,3.95%,3.84%,3.86%,3.95%,3.95%,3.96%,3.95%,3.92%,3.90%,3.87%,3.87%,3.87%,3.84%,3.86%,3.84%,3.84%,3.83%
3958,DFZQ,15.90%,16.23%,16.52%,16.75%,16.75%,17.10%,18.08%,19.14%,20.07%,20.43%,20.43%,20.43%,21.01%,21.32%,21.87%,21.81%,21.85%
3968,CHINA MERCHANTS BANK CO,11.16%,11.18%,11.18%,11.22%,11.22%,11.28%,11.27%,11.27%,11.26%,11.29%,11.29%,11.29%,11.29%,11.36%,11.57%,11.64%,11.70%
3969,CHINA RAILWAY SIGNAL & COMMUNICATION CORPORATION LIMITED,4.02%,4.07%,4.12%,4.12%,4.12%,4.11%,4.10%,4.11%,4.14%,4.16%,4.16%,4.16%,4.18%,4.19%,4.20%,4.21%,4.16%
3988,BANK OF CHINA LIMITED,4.31%,4.32%,4.35%,4.37%,4.37%,4.44%,4.42%,4.42%,4.42%,4.45%,4.45%,4.45%,4.47%,4.49%,4.51%,4.47%,4.49%
3993,CHINA MOLYBDENUM CO,18.77%,18.88%,18.96%,19.23%,19.23%,19.16%,19.12%,19.21%,19.37%,19.31%,19.31%,19.31%,19.33%,19.13%,19.09%,18.92%,19.03%
3996,CHINA ENERGY ENGINEERING CORPORATION LIMITED,0.17%,0.17%,0.17%,0.17%,0.17%,0.17%,0.17%,0.17%,0.17%,0.17%,0.17%,0.17%,0.17%,0.17%,0.17%,0.17%,0.17%
3998,BOSIDENG INTERNATIONAL HOLDINGS LIMITED,4.29%,4.29%,4.27%,4.27%,4.27%,4.27%,4.30%,4.30%,4.30%,4.30%,4.30%,4.30%,4.31%,4.30%,4.31%,4.33%,4.33%
6030,CITIC SECURITIES COMPANY LIMITED,2.30%,2.27%,2.27%,2.27%,2.27%,2.25%,2.25%,2.25%,2.23%,2.23%,2.23%,2.23%,2.23%,2.25%,2.20%,2.19%,2.18%
6066,CSC FINANCIAL CO,5.50%,5.48%,5.29%,5.29%,5.29%,5.24%,5.20%,5.21%,5.20%,5.18%,5.18%,5.18%,5.18%,5.14%,5.14%,5.08%,5.07%
6099,CHINA MERCHANTS SECURITIES CO,8.74%,8.74%,8.71%,8.71%,8.71%,8.69%,8.63%,8.64%,8.64%,8.63%,8.63%,8.63%,8.62%,8.62%,8.57%,8.49%,8.55%
6116,SHANGHAI LA CHAPELLE FASHION CO,0.19%,0.19%,0.19%,0.22%,0.24%,0.26%,0.28%,0.26%,0.26%,0.26%,0.26%,0.25%,0.27%,0.28%,0.34%
6169,CHINA YUHUA EDUCATION CORPORATION LIMITED,2.07%,2.07%,2.11%,2.14%,2.14%,2.24%,2.31%,2.36%,2.49%,2.52%,2.52%,2.52%,2.79%,3.43%,3.61%,3.61%,3.73%
6178,EVERBRIGHT SECURITIES COMPANY LIMITED,3.22%,3.15%,3.13%,3.15%,3.15%,3.10%,3.02%,3.02%,3.03%,3.04%,3.04%,3.04%,3.03%,3.03%,3.03%,3.03%,3.04%
6808,SUN ART RETAIL GROUP LIMITED,0.33%,0.34%,0.34%,0.39%,0.39%,0.41%,0.41%,0.41%,0.41%,0.40%,0.40%,0.40%,0.40%,0.40%,0.40%,0.40%,0.41%
6818,CHINA EVERBRIGHT BANK COMPANY LIMITED,13.20%,13.26%,13.30%,13.30%,13.30%,13.44%,13.42%,13.43%,13.49%,13.58%,13.58%,13.58%,13.60%,13.66%,13.75%,13.81%,13.87%
6828,BEIJING GAS BLUE SKY HOLDINGS LIMITED,0.02%,0.02%,0.02%,0.02%,0.02%,0.02%,0.02%,0.02%,0.06%,0.05%,0.05%,0.05%,0.06%,0.06%,0.06%,0.06%,0.06%
6837,HAITONG SECURITIES CO,2.23%,2.17%,2.17%,2.15%,2.15%,2.14%,2.14%,2.14%,2.15%,2.18%,2.18%,2.18%,2.18%,2.19%,2.24%,2.25%,2.26%
6863,CHINA HUISHAN DAIRY HOLDINGS COMPANY LIMITED,8.10%,8.10%,8.10%,8.10%,8.10%,8.10%,8.10%,8.10%,8.10%,8.10%,8.10%,8.10%,8.10%,8.10%,8.10%,8.10%,8.10%
6869,YANGTZE OPTICAL FIBRE AND CABLE JOINT STOCK LIMITED COMPANY,2.71%,2.81%,2.69%,2.72%,2.72%,2.48%,2.48%,2.39%,2.49%,2.47%,2.47%,2.47%,2.52%,2.61%,2.73%,2.90%,2.97%
6881,CHINA GALAXY SECURITIES CO,6.05%,6.36%,6.36%,6.36%,6.36%,6.35%,6.36%,6.41%,6.46%,6.52%,6.52%,6.52%,6.55%,6.55%,6.62%,6.73%,6.75%
6886,HUATAI SECURITIES CO,6.93%,6.84%,6.77%,6.71%,6.71%,6.67%,6.63%,6.57%,6.46%,6.48%,6.48%,6.48%,6.53%,6.44%,6.34%,6.33%,6.31%
8328,XINYI AUTOMOBILE GLASS HONG KONG ENTERPRISES LIMITED,0.03%,0.03%,0.03%,0.03%,0.03%,0.03%,0.03%,0.03%,0.03%,0.03%,0.03%,0.03%,0.03%,0.03%,0.03%,0.03%,0.03%
